,Type,Study,,,Templete data ,Age data,NOAA template,For J Morton to check,Uploaded to NCDC,Notes,Triple checked by CG and JR,Notes,,,,,,,,,,,,,,
Plant,SI,"Barbacka, 2011",,"Barbacka, M., 2011. Biodiversity and the reconstruction of Early Jurassic Flora from the Mecsek Mountains (southern Hungary). Acta Palaeobotanica 51, 127–179.",Y,Y,Y,X,,"Double checked by JDR, needs to be checked by J. Morton",Y,"Triple checked, but needs to be checked by J. Morton",,,,,,,,,,,,,,
Plant,SI,"Barclay et al., 2010",,"Barclay, R.S., McElwain, J.C. and Sageman, B.B., 2010. Carbon sequestration activated by a volcanic CO2 pulse during Ocean Anoxic Event 2. Nat. Geosci., 3: 205–208. https://doi.org/10.1038/ngeo757.",-,-,-,-,Y,Uploaded to NCDC,,,,,,,,,,,,,,,,
Plant,SR,"Beerling and Royer, 2002",beerling_2002c,"Beerling, D.J., Royer, D.L., 2002. Fossil plants as indicators of the Phanerozoic global carbon cycle. Annu. Rev. Earth Pl. Sc. 30, 527–556.",Y,Y,Y,X,,"Double checked by JDR, needs to be checked by J. Morton",Y,"Triple checked, but needs to be checked by J. Morton",,,,,,,,,,,,,,
Plant,SR,"Beerling et al., 1998",,"Beerling, D.J., McElwain, J.C. and Osborne, C.P., 1998. Stomatal responses of the 'living fossil' Ginkgo biloba L. to changes in atmospheric CO2 concentrations. Journal of Experimental Botany, 49(326): 1603–1607. https://doi.org/10.1093/jxb/49.326.1603.",Y,Y,Y,X,,"Double checked by JDR, needs to be checked by J. Morton",Y,"Triple checked, but needs to be checked by J. Morton",,,,,,,,,,,,,,
Plant,SI,"Beerling et al., 2002",beerling_2002a,"Beerling, D.J., Lomax, B.H., Royer, D.L., Upchurch, G.R. and Kump, L.R., 2002. An atmospheric pCO2 reconstruction across the Cretaceous-Tertiary boundary from leaf megafossils. Proc. Natl. Acad. Sci. U.S.A., 99(12): 7836–7840.",Y,Y,Y,X,,"Double checked by JDR, needs to be checked by J. Morton",Y,"Triple checked, but needs to be checked by J. Morton",,,,,,,,,,,,,,
Plant,SI,"Beerling et al., 2009",,"Beerling, D.J., Fox, A. and Anderson, C.W., 2009. Quantitative uncertainty analyses of ancient atmospheric CO2 estimates from fossil leaves. Am. J. Sci., 309(9): 775–787. https://doi.org/10.2475/09.2009.01.",Y,Y,Y,X,,"Double checked by JDR, needs to be checked by J. Morton",Y,"Triple checked, but needs to be checked by J. Morton",,,,,,,,,,,,,,
Plant,SI,Beerling. 2002,beerling_2002b,"Beerling, D.J., 2002. Low atmospheric CO2 levels during the Permo- Carboniferous glaciation inferred from fossil lycopsids. Proc. Natl. Acad. Sci. U.S.A., 99(20): 12567–12571. https://doi.org/10.1073/pnas.202304999.",Y,Y,Y,X,,"Double checked by JDR, needs to be checked by J. Morton",Y,"Triple checked, but needs to be checked by J. Morton",,,,,,,,,,,,,,
Plant,SR,"Bonis et al., 2010",,"Bonis, N.R., Van Konijnenburg-Van Cittert, J.H.A. and Kürschner, W.M., 2010. Changing CO2 conditions during the end-Triassic inferred from stomatal frequency analysis on Lepidopteris ottonis (Goeppert) Schimper and Ginkgoites taeniatus (Braun) Harris. Palaeogeogr. Palaeocl., 295(1): 146?161. https://doi.org/10.1016/j.palaeo.2010.05.034.",Y,Y,Y,,,Fixed errors identified by J. Morton. Double checked and ready for upload,Y,Triple checked and ready for upload,,,,,,,,,,,,,,
Plant,SR,"Chen et al., 2001",,"Chen, L.-Q., Li, C.-S., Chaloner, W. G., Beerling, D. J., Sun, Q.-G., Collinson, M. E., and Mitchell, P. L., 2001, Assessing the potential for the stomatal characters of extant and fossil Ginkgo leaves to signal atmospheric CO2 change: American Journal of Botany, v. 88, p. 1309-1315, doi: 10.2307/3558342.",Y,Y,Y,,,Fixed errors identified by J. Morton. Double checked and ready for upload,Y,Triple checked and ready for upload,,,,,,,,,,,,,,
Plant,SI,"Du et al., 2016",,"Du, B.X., Sun, B.N., Zhang, M.Z., Yang, G.L., Xing, L., Tang, F., & Bai, Y. (2016). Atmospheric palaeo-CO2 estimates based on the carbon isotope and stomatal data of Cheirolepidiaceae from the Lower Cretaceous of the Jiuquan Basin, Gansu Province. Cretaceous Research, 62, 142-153.",Y,Y,Y,,,Double checked and ready for upload,Y,Triple checked and ready for upload,,,,,,,,,,,,,,
Plant,Franks,"Du et al., 2018",,"Du, B.X., Lei, X.T., Zhang, M.Z., Wang, S., Li, A.J., Du, Z., & Xing, W.W. (2018). Late early Cretaceous climate and pCO2 estimates in the Liupanshan Basin, northwest China. Palaeogeography, Palaeoclimatology, Palaeoecology, 503, 26-39.",X,Y,Y,,,Double checked and ready for upload,Y,Triple checked and ready for upload,,,,,,,,,,,,,,
Plant,SI,"Du et al., 2018",,"Du, B.X., Lei, X.T., Zhang, M.Z., Wang, S., Li, A.J., Du, Z., & Xing, W.W. (2018). Late early Cretaceous climate and pCO2 estimates in the Liupanshan Basin, northwest China. Palaeogeography, Palaeoclimatology, Palaeoecology, 503, 26-39.",Y,Y,Y,,,Double checked and ready for upload,Y,Triple checked and ready for upload,,,,,,,,,,,,,,
Plant,Liverwort,"Fletcher et al., 2008",,"Fletcher, B.J., Brentnall, S.J., Anderson, C.W., Berner, R.A. and Beerling, D.J., 2008. Atmospheric carbon dioxide linked with Mesozoic and early Cenozoic climate change. Nat. Geosci., 1(1): 43–48. https://doi.org/10.1038/ngeo.2007.29.",Y,X,Y,X,,"Double checked by JDR, needs to be checked by J. Morton, Needs age data",Y,"Triple checked, but still needs age data",,,,,,,,,,,,,,
Plant,Franks,"Franks et al, 2014",,"Franks, P.J., Royer, D.L., Beerling, D.J., Van de Water, P.K., Cantrill, D.J., Barbour, M.M. and Berry, J.A., 2014. New constraints on atmospheric CO2 concentration for the Phanerozoic. Geophys. Res. Lett., 41(13): 4685–4694. https://doi.org/10.1002/2014GL060457.",Y,X,Y,X,,"Double checked by JDR, needs to be checked by J. Morton, Needs age data",,,,,,,,,,,,,,,,
Plant,SD,"Hu et al., 2015",,"Hu, J. J., Xing, Y. W., Turkington, R., Jacques, F. M. B., Su, T., Huang, Y. J., and Zhou, Z. K., 2015, A new positive relationship between pCO2 and stomatal frequency in Quercus guyavifolia (Fagaceae): A potential proxy for palaeo-CO2 levels: Annals of Botany, 115: 777-788.",Y,Y,Y,,,Double checked and ready for upload,Y,Triple checked and ready for upload,,,,,,,,,,,,,,
Plant,SI,"Hu et al., 2015",,"Hu, J. J., Xing, Y. W., Turkington, R., Jacques, F. M. B., Su, T., Huang, Y. J., and Zhou, Z. K., 2015, A new positive relationship between pCO2 and stomatal frequency in Quercus guyavifolia (Fagaceae): A potential proxy for palaeo-CO2 levels: Annals of Botany, 115: 777-788.",Y,Y,Y,,,Double checked and ready for upload,Y,Triple checked and ready for upload,,,,,,,,,,,,,,
Plant,SD,"Huang et al., 2016",,"Huang, H. S., Hu, J. J., Su, T., and Zhou, Z. K., 2016, The occurrence of Quercus heqingensis n. sp. and its application to palaeo-CO2 estimates: Chinese Science Bulletin, 61, 1354-1364 (in Chinese with English abstract).",Y,Y,Y,,,Double checked and ready for upload,Y,Triple checked and ready for upload,,,,,,,,,,,,,,
Plant,SI,"Huang et al., 2016",,"Huang, H. S., Hu, J. J., Su, T., and Zhou, Z. K., 2016, The occurrence of Quercus heqingensis n. sp. and its application to palaeo-CO2 estimates: Chinese Science Bulletin, 61, 1354-1364 (in Chinese with English abstract).",Y,Y,Y,,,Double checked and ready for upload,Y,Triple checked and ready for upload,,,,,,,,,,,,,,
Plant,Franks,"Lei et al., 2018",,"Lei, X., Du, Z., Du, B., Zhang, M. and Sun, B., 2018. Middle Cretaceous pCO2 Variation in Yumen, Gansu Province and its Response to the Climate Events. Acta Geologica Sinica, 92(2): 801–813. https://doi.org/10.1111/1755-6724.13555.",X,X,Y,,,"Template complete, but data does not seem to match what is in publication; original data lost. ",,,,,,,,,,,,,,,,
Plant,Franks,"Li et al., 2019",,"Li, H., Yu, J., McElwain, J.C., Yiotis, C. and Chen, Z.-Q., 2019. Reconstruction of atmospheric CO2 concentration during the late Changhsingian based on fossil conifers from the Dalong Formation in South China. Palaeogeogr. Palaeocl., 519: 37-48. https://doi.org/10.1016/j.palaeo.2018.09.006.",Y,Y,Y,,,Fixed errors identified by J. Morton. Double checked and ready for upload,Y,Triple checked and ready for upload,,,,,,,,,,,,,,
Plant,SR,"Li et al., 2019",,"Li, H., Yu, J., McElwain, J.C., Yiotis, C. and Chen, Z.-Q., 2019. Reconstruction of atmospheric CO2 concentration during the late Changhsingian based on fossil conifers from the Dalong Formation in South China. Palaeogeogr. Palaeocl., 519: 37-48. https://doi.org/10.1016/j.palaeo.2018.09.006.",X,X,Y,,,Data in paper but no template done.,,,,,,,,,,,,,,,,
Plant,SR,"Li et al., 2022",,"Li, T., Yang, X.-J. and Zhu, Y.-B., 2022. Estimates of late Albian atmospheric CO2 based on stomata of Pseudofrenelopsis from Jilin Province, NE China. In: S.-C. Chang and D. Zheng (Editors), Mesozoic Biological Events and Ecosystems in East Asia. Geological Society of London, Special Papers, pp. 197–208. https://doi.org/10.1144/SP521-2021-139.",Y,Y,Y,,,Fixed errors identified by J. Morton. Double checked and ready for upload,Y,Triple checked and ready for upload,,,,,,,,,,,,,,
Plant,Franks,"Liang et al., 2022",,"Liang, J.-q., Leng, Q., Xiao, L., Höfig, D.F., Royer, D.L., Zhang, Y.G. and Yang, H., 2022. Early Miocene redwood fossils from Inner Mongolia: CO2 reconstructions and paleoclimate effects of a low Mongolian plateau. Rev. Palaeobot. Palyno., 305: 104743. https://doi.org/10.1016/j.revpalbo.2022.104743.",Y,X,Y,X,,"Double checked by JDR, needs to be checked by J. Morton, Needs age data",,,,,,,,,,,,,,,,
Plant,SI,"Liang et al., 2022",,"Liang, J.-q., Leng, Q., Xiao, L., Höfig, D.F., Royer, D.L., Zhang, Y.G. and Yang, H., 2022. Early Miocene redwood fossils from Inner Mongolia: CO2 reconstructions and paleoclimate effects of a low Mongolian plateau. Rev. Palaeobot. Palyno., 305: 104743. https://doi.org/10.1016/j.revpalbo.2022.104743.",Y,X,Y,X,,"Double checked by JDR, needs to be checked by J. Morton, Needs age data",,,,,,,,,,,,,,,,
Plant,SR,"Mays et al., 2015",,"Mays, C., Steinthorsdottir, M. and Stilwell, J.D., 2015. Climatic implications of Ginkgoites waarrensis Douglas emend. from the south polar Tupuangi flora, Late Cretaceous (Cenomanian), Chatham Islands. Palaeogeogr. Palaeocl., 438: 308-326. https://doi.org/10.1016/j.palaeo.2015.08.011.",Y,X,Y,X,,"Double checked by JDR, needs to be checked by J. Morton, Needs age data",,,,,,,,,,,,,,,,
Plant,SR,"McElwain et al., 1999",,"McElwain, J.C., Beerling, D.J. and Woodward, F.I., 1999. Fossil plants and global warming at the Triassic-Jurassic boundary. Science, 285(5432): 1386–1390. https://doi.org/10.1126/science.285.5432.1386.",Y,X,Y,X,,"Double checked by JDR, needs to be checked by J. Morton, Needs age data",,,,,,,,,,,,,,,,
Plant,SR,"McElwain et al., 2002",,"McElwain, J.C., Mayle, F.E. and Beerling, D.J., 2002. Stomatal evidence for a decline in atmospheric CO2 concentration during the Younger Dryas stadial: a comparison with Antarctic ice core records. Journal of Quaternary Science, 17(1): 21–29. https://doi.org/10.1002/jqs.664.",Y,X,Y,X,,"Double checked by JDR, needs to be checked by J. Morton, Needs age data",,,,,,,,,,,,,,,,
Plant,SR,"McElwain et al., 2005",,"McElwain, J.C., Wade-Murphy, J. and Hesselbo, S.P., 2005. Changes in carbon dioxide during an oceanic anoxic event linked to intrusion into Gondwana coals. Nature, 435(7041): 479–482. https://doi.org/10.1038/nature03618.",Y,X,Y,X,,"Double checked by JDR, needs to be checked by J. Morton, Needs age data",,,,,,,,,,,,,,,,
Plant,Franks,"Montañez et al., 2016",,"Montañez, I.P., McElwain, J.C., Poulsen, C.J., White, J.D., Dimichele, W.A., Wilson, J.P., Griggs, G. and Hren, M.T., 2016. Climate, pCO2 and terrestrial carbon cycle linkages during late Palaeozoic glacial-interglacial cycles. Nat. Geosci., 9(11): 824–828. https://doi.org/10.1038/ngeo2822.",Y,Y,Y,,,Fixed errors identified by J. Morton. Double checked and ready for upload,Y,Triple checked and ready for upload,,,,,,,,,,,,,,
Plant,SR,"Montañez et al., 2016",,"Montañez, I.P., McElwain, J.C., Poulsen, C.J., White, J.D., Dimichele, W.A., Wilson, J.P., Griggs, G. and Hren, M.T., 2016. Climate, pCO2 and terrestrial carbon cycle linkages during late Palaeozoic glacial-interglacial cycles. Nat. Geosci., 9(11): 824–828. https://doi.org/10.1038/ngeo2822.",Y,Y,Y,,,Fixed errors identified by J. Morton. Double checked and ready for upload,,,,,,,,,,,,,,,,
Plant,SR,"Passalia, 2009",,"Passalia, M.G., 2009. Cretaceous pCO2 estimation from stomatal frequency analysis of gymnosperm leaves of Patagonia, Argentina. Palaeogeogr. Palaeocl., 273(1): 17–24. https://doi.org/10.1016/j.palaeo.2008.11.010.",Y,X,Y,X,,"Double checked by JDR, needs to be checked by J. Morton, Needs age data",,,,,,,,,,,,,,,,
Plant,SR,"Pie?kowski et al., 2020",,"Pie?kowski, G., Hesselbo, S.P., Barbacka, M., Leng, M.J., 2020. Non-marine carbon-isotope stratigraphy of the Triassic-Jurassic transition in the Polish Basin and its relationships to organic carbon preservation, pCO2 and palaeotemperature. Earth-Sci. Rev. 210, 103383.",Y,Y,Y,X,,"Double checked by JDR, needs to be checked by J. Morton",,,,,,,,,,,,,,,,
Plant,SI,"Quan et al., 2009",,"Quan, C., Sun, C., Sun, Y. and Sun, G., 2009. High resolution estimates of paleo-CO2 levels through the Campanian (Late Cretaceous) based on Ginkgo cuticles. Cretaceous Res., 30(2): 424–428. https://doi.org/10.1016/j.cretres.2008.08.004.",Y,Y,Y,,,Fixed errors identified by J. Morton. Double checked and ready for upload,Y,Triple checked and ready for upload,,,,,,,,,,,,,,
Plant,SR,"Quan et al., 2009",,"Quan, C., Sun, C., Sun, Y. and Sun, G., 2009. High resolution estimates of paleo-CO2 levels through the Campanian (Late Cretaceous) based on Ginkgo cuticles. Cretaceous Res., 30(2): 424–428. https://doi.org/10.1016/j.cretres.2008.08.004.",Y,Y,Y,,,Fixed errors identified by J. Morton. Double checked and ready for upload,Y,Triple checked and ready for upload,,,,,,,,,,,,,,
Plant,Franks,"Richey et al., 2018",,"Richey, J.D., Upchurch, G.R., Montañez, I.P., Lomax, B.H., Suarez, M.B., Crout, N.M.J., Joeckel, R.M., Ludvigson, G.A. and Smith, J.J., 2018. Changes in CO2 during Ocean Anoxic Event 1d indicate similarities to other carbon cycle perturbations. Earth Planet. Sci. Lett., 491: 172–182. https://doi.org/10.1016/j.epsl.2018.03.035.",Y,Y,Y,X,,"Double checked by JDR, needs to be checked by J. Morton",,,,,,,,,,,,,,,,
Plant,SI,"Richey et al., 2018",,"Richey, J.D., Upchurch, G.R., Montañez, I.P., Lomax, B.H., Suarez, M.B., Crout, N.M.J., Joeckel, R.M., Ludvigson, G.A. and Smith, J.J., 2018. Changes in CO2 during Ocean Anoxic Event 1d indicate similarities to other carbon cycle perturbations. Earth Planet. Sci. Lett., 491: 172–182. https://doi.org/10.1016/j.epsl.2018.03.035.",Y,Y,Y,X,,"Double checked by JDR, needs to be checked by J. Morton",,,,,,,,,,,,,,,,
Plant,Franks,"Richey et al., 2020",,"Richey, J.D., Montañez, I.P., Goddéris, Y., Looy, C.V., Griffis, N.P. and DiMichele, W.A., 2020. Influence of temporally varying weatherability on CO2–climate coupling and ecosystem change in the late Paleozoic. Clim. Past., 16(5): 1759–1775. https://doi.org/10.5194/cp-16-1759-2020.",Y,Y,Y,X,,"Double checked by JDR, needs to be checked by J. Morton",,,,,,,,,,,,,,,,
Plant,SR,"Richey et al., 2020",,"Richey, J.D., Montañez, I.P., Goddéris, Y., Looy, C.V., Griffis, N.P. and DiMichele, W.A., 2020. Influence of temporally varying weatherability on CO2–climate coupling and ecosystem change in the late Paleozoic. Clim. Past., 16(5): 1759–1775. https://doi.org/10.5194/cp-16-1759-2020.",Y,Y,Y,X,,"Double checked by JDR, needs to be checked by J. Morton",Y,"Triple checked, but needs to be checked by J. Morton",,,,,,,,,,,,,,
Plant,Franks,"Richey et al., 2024",,"Richey, J.D., Colombi, C.E., Porter, A.S., Montañez, I.P., Kürschner, W.M. and McElwain, J.C., 2024 (In prep). Beyond the major events: A critical reappraisal of CO2 during a poorly characterized Late Triassic interval. Geology.",X,Y,Y,X,,"Needs to be updated post submission, needs to be checked by J. Morton",,,,,,,,,,,,,,,,
Plant,SR,"Steinthorsdottir and Vadja, 2015",,"Steinthorsdottir, M. and Vajda, V., 2015. Early Jurassic (late Pliensbachian) CO2 concentrations based on stomatal analysis of fossil conifer leaves from eastern Australia. Gondwana Res., 27(3): 932–939. https://doi.org/10.1016/j.gr.2013.08.021.",Y,Y,Y,X,,"Double checked by JDR, needs to be checked by J. Morton",Y,"Triple checked, but needs to be checked by J. Morton",,,,,,,,,,,,,,
Plant,SR,"Steinthorsdottir et al., 2011",,"Steinthorsdottir, M., Jeram, A.J. and McElwain, J.C., 2011. Extremely elevated CO2 concentrations at the Triassic/Jurassic boundary. Palaeogeogr. Palaeocl., 308(3): 418–432. https://doi.org/10.1016/j.palaeo.2011.05.050.",X,X,Y,X,,Template complete but contains only modern standardization; not Carboniferous. ,,,,,,,,,,,,,,,,
Plant,SR,"Steinthorsdottir et al., 2011",,"Steinthorsdottir, M., Jeram, A.J. and McElwain, J.C., 2011. Extremely elevated CO2 concentrations at the Triassic/Jurassic boundary. Palaeogeogr. Palaeocl., 308(3): 418–432. https://doi.org/10.1016/j.palaeo.2011.05.050.",X,X,Y,X,,Template for CO2 from transfer function is not done.,,,,,,,,,,,,,,,,
Plant,SR,"Steinthorsdottir et al., 2016",Steinthorsdottir_ 2016a,"Steinthorsdottir, M., Porter, A., S, Holohan, A., Kunzmann, L., Collinson, M.E. and McElwain, J.C., 2016. Fossil plant stomata indicate decreasing atmospheric CO2 prior to the Eocene–Oligocene boundary. Clim. Past., 12(2): 439–454. https://doi.org/10.5194/cp-12-439-2016.",X,X,Y,X,,Template complete but contains only average of modern and carb standardizations,,,,,,,,,,,,,,,,
Plant,SR,"Sun et al., 2007",,"Sun, B., Xiao, L., Xie, S., Deng, S., Wang, Y., Jia, H. and Turner, S., 2007. Quantitative Analysis of Paleoatmospheric CO2 Level Based on Stomatal Characters of Fossil Ginkgo from Jurassic to Cretaceous in China. Acta Geologica Sinica, 81(6): 931–939. https://doi.org/10.1111/j.1755-6724.2007.tb01016.x.",Y,Y,Y,,,Double checked and ready for upload,Y,Triple checked and ready for upload,,,,,,,,,,,,,,
Plant,SR,"Sun et al., 2018",,"Sun, C.-L., Tan, X., Dilcher, D.L., Wang, H., Na, Y.-L., Li, T., Li, Y.-F., 2018. Middle Jurassic Ginkgo leaves from the Daohugou area, Inner Mongolia, China and their implication for palaeo-CO2 reconstruction. Palaeoworld 27, 467-481.",Y,Y,Y,,,Double checked and ready for upload,Y,Triple checked and ready for upload,,,,,,,,,,,,,,
Plant,SR,"Wu et al., 2016",,"Wu, J.-y., Ding, S.-t., Li, Q.-j., Sun, B.-n. and Wang, Y.-d., 2016. Reconstructing paleoatmospheric CO2 levels based on fossil Ginkgoites from the Upper Triassic and Middle Jurassic in Northwest China. Paläontologische Zeitschrift, 90(2): 377-387. https://doi.org/10.1007/s12542-016-0300-1.",Y,Y,Y,,,Double checked and ready for upload,Y,Triple checked and ready for upload,,,,,,,,,,,,,,
Plant,SI,"Xiao et al., 2024",,"Xiao, L., Liang, J.-q., Guo, L.-y., Ji, D.-s., Yuan, M., Li, X.-c., Sun, N. and Li, Z.-c., 2024. Stable carbon isotopes and stomatal frequency of Middle Jurassic ginkgophyte fossils from the Turpan basin, northwestern China: Implications for reconstructing paleo-CO2 changes. J. Asian Earth Sci., 259: 105938. https://doi.org/10.1016/j.jseaes.2023.105938.",Y,Y,Y,,,Double checked and ready for upload,Y,Triple checked and ready for upload,,,,,,,,,,,,,,
Plant,SR,"Xiao et al., 2024",,"Xiao, L., Liang, J.-q., Guo, L.-y., Ji, D.-s., Yuan, M., Li, X.-c., Sun, N. and Li, Z.-c., 2024. Stable carbon isotopes and stomatal frequency of Middle Jurassic ginkgophyte fossils from the Turpan basin, northwestern China: Implications for reconstructing paleo-CO2 changes. J. Asian Earth Sci., 259: 105938. https://doi.org/10.1016/j.jseaes.2023.105938.",Y,Y,Y,,,Double checked and ready for upload,Y,Triple checked and ready for upload,,,,,,,,,,,,,,
Plant,SR,"Yan et al., 2009",,"Yan, D.-F., Sun, B.-N., Xie, S.-P., Li, X.-C. and Wen, W.-W., 2009. Response to paleoatmospheric CO2 concentration of Solenites vimineus (Phillips) Harris (Ginkgophyta) from the Middle Jurassic of the Yaojie Basin, Gansu Province, China. Science in China Series D: Earth Sciences, 52(12): 2029–2039. https://doi.org/10.1007/s11430-009-0181-1.",Y,Y,Y,X,,"Double checked by JDR and XZ, needs to be checked by J. Morton",,,,,,,,,,,,,,,,
Plant,Franks,"Zhou et al., 2020",,"Zhou, N., Wang, Y., Ya, L., Porter, A.S., Kürschner, W.M., Li, L., Lu, N. and McElwain, J.C., 2020. An inter-comparison study of three stomatal-proxy methods for CO2 reconstruction applied to early Jurassic Ginkgoales plants. Palaeogeogr. Palaeocl., 542: 109547. https://doi.org/10.1016/j.palaeo.2019.109547.",Y,Y,Y,,,Fixed errors identified by J. Morton. Double checked and ready for upload,Y,Triple checked and ready for upload,,,,,,,,,,,,,,
Plant,SR,"Zhou et al., 2020",,"Zhou, N., Wang, Y., Ya, L., Porter, A.S., Kürschner, W.M., Li, L., Lu, N. and McElwain, J.C., 2020. An inter-comparison study of three stomatal-proxy methods for CO2 reconstruction applied to early Jurassic Ginkgoales plants. Palaeogeogr. Palaeocl., 542: 109547. https://doi.org/10.1016/j.palaeo.2019.109547.",Y,Y,Y,,,Fixed errors identified by J. Morton. Double checked and ready for upload,Y,Triple checked and ready for upload,,,,,,,,,,,,,,
Paleosol,Paleosol,"Andrews et al., 1995",,"Andrews, J.E., Tandon, S.K. and Dennis, P.F., 1995. Concentration of carbon dioxide in the Late Cretaceous atmosphere. J. Geol. Soc. London, 152(1): 1–3. https://doi.org/10.1144/gsjgs.152.1.000.",-,-,-,-,Y,Uploaded to NCDC,,,,,,,,,,,,,,,,
Paleosol,Paleosol,"Andrzejewski et al., 2022",,"Andrzejewski, K., Tabor, N., Winkler, D. and Myers, T., 2022. Atmospheric pCO2 Reconstruction of Early Cretaceous Terrestrial Deposits in Texas and Oklahoma Using Pedogenic Carbonate and Occluded Organic Matter. Geosciences, 12(4): 148. https://doi.org/10.3390/geosciences12040148.",Y,X,Y,X,,"Double checked by JDR, needs to be checked by J. Morton, Needs age data",,,,,,,,,,,,,,,,
Paleosol,Paleosol,"Cleveland et al., 2008",,"Cleveland, D.M., Nordt, L.C., Dworkin, S.I. and Atchley, S.C., 2008. Pedogenic carbonate isotopes as evidence for extreme climatic events preceding the Triassic-Jurassic boundary: Implications for the biotic crisis? GSA Bulletin, 120(11–12): 1408–1415. https://doi.org/10.1130/B26332.1.",Y,Y,Y,X,,"Double checked by JDR, needs to be checked by J. Morton",,,,,,,,,,,,,,,,
Paleosol,Paleosol,"Da et al., 2019",,"Da, J., Zhang, Y.G., Li, G., Meng, X. and Ji, J., 2019. Low CO2 levels of the entire Pleistocene epoch. Nat. Commun., 10(1): 1–9. https://doi.org/10.1038/s41467-019-12357-5.",-,-,-,-,Y,Uploaded to NCDC,,,,,,,,,,,,,,,,
Paleosol,Paleosol,"Ghosh et al., 2005",,"Ghosh, P., Bhattacharya, S.K. and Ghosh, P., 2005. Atmospheric CO2 During the Late Paleozoic and Mesozoic: Estimates from Indian Soils. In: I.T. Baldwin, M.M. Caldwell, G. Heldmaier, R.B. Jackson, O.L. Lange, H.A. Mooney, E.D. Schulze, U. Sommer, J.R. Ehleringer, M. Denise Dearing and T.E. Cerling (Editors), A History of Atmospheric CO2 and Its Effects on Plants, Animals, and Ecosystems. Springer New York, New York, NY, pp. 8–34. https://doi.org/10.1007/0-387-27048-5_2.",-,-,-,-,Y,Uploaded to NCDC,,,,,,,,,,,,,,,,
Paleosol,Paleosol,"Gutierrez and Sheldon, 2012",,"Gutierrez, K. and Sheldon, N.D., 2012. Paleoenvironmental reconstruction of Jurassic dinosaur habitats of the Vega Formation, Asturias, Spain. Geol. Soc. Am. Bull., 124(3–4): 596–610. https://doi.org/10.1130/b30285.1.",-,-,-,-,Y,Uploaded to NCDC,,,,,,,,,,,,,,,,
Paleosol,Paleosol,"Harper et al., 2021",,"Harper, D.T., Suarez, M.B., Uglesich, J., You, H., Li, D. and Dodson, P., 2021. Aptian–Albian clumped isotopes from northwest China: cool temperatures, variable atmospheric pCO2 and regional shifts in the hydrologic cycle. Clim. Past., 17(4): 1607–1625. https://doi.org/10.5194/cp-17-1607-2021.",Y,X,Y,X,,"Double checked by JDR, needs to be checked by J. Morton, Needs age data",,,,,,,,,,,,,,,,
Paleosol,Paleosol,"Hong and Lee, 2012",,"Hong, S.K. and Lee, Y.I., 2012. Evaluation of atmospheric carbon dioxide concentrations during the Cretaceous. Earth Planet. Sci. Lett., 327: 23–28. https://doi.org/10.1016/j.epsl.2012.01.014.",-,-,-,-,Y,Uploaded to NCDC,,,,,,,,,,,,,,,,
Paleosol,Paleosol,"Hu et al., 2019",,"Hu, G., Liao, Z., Wang, L., Cao, J. and Tan, X., 2019. Transient fluctuation in paleoclimate at the end of Permian: New constraints from paleosol carbonates in the Erlongkou section, Chongqing, southwestern China. J. Asian Earth Sci., 173: 225-236. https://doi.org/10.1016/j.jseaes.2019.01.027.",Y,Y,Y,X,,"Double checked by JDR, needs to be checked by J. Morton",,,,,,,,,,,,,,,,
Paleosol,Paleosol,"Huang et al., 2012",,"Huang, C.M., Retallack, G.J. and Wang, C.S., 2012. Early Cretaceous atmospheric pCO2 levels recorded from pedogenic carbonates in China. Cretaceous Res., 33(1): 42–49. https://doi.org/10.1016/j.cretres.2011.08.001.",Y,Y,Y,,,Fixed errors identified by J. Morton. Double checked and ready for upload,,,,,,,,,,,,,,,,
Paleosol,Paleosol,"Huang et al., 2013",,"Huang, C., Retallack, G.J., Wang, C. and Huang, Q., 2013. Paleoatmospheric pCO2 fluctuations across the Cretaceous–Tertiary boundary recorded from paleosol carbonates in NE China. Palaeogeogr. Palaeocl., 385: 95-105. https://doi.org/10.1016/j.palaeo.2013.01.005.",-,-,-,-,Y,Uploaded to NCDC,,,,,,,,,,,,,,,,
Paleosol,Paleosol,"Hyland and Sheldon, 2013",Hyland_2013a,"Hyland, E.G. and Sheldon, N.D., 2013. Coupled CO2-climate response during the Early Eocene Climatic Optimum. Palaeogeogr. Palaeocl., 369: 125–135. https://doi.org/10.1016/j.palaeo.2012.10.011.",-,-,-,-,Y,Uploaded to NCDC,,,,,,,,,,,,,,,,
Paleosol,Paleosol,"Hyland et al., 2013",Hyland_2013b,"Hyland, E., Sheldon, N.D. and Fan, M., 2013. Terrestrial paleoenvironmental reconstructions indicate transient peak warming during the early Eocene climatic optimum. Geol. Soc. Am. Bull., 125(7–8): 1338–1348. https://doi.org/10.1130/B30761.1.",-,-,-,-,Y,Uploaded to NCDC,,,,,,,,,,,,,,,,
Paleosol,Paleosol,"Joachimski et al., 2022",,"Joachimski, M.M., Müller, J., Gallagher, T.M., Mathes, G., Chu, D.L., Mouraviev, F., Silantiev, V., Sun, Y.D. and Tong, J.N., 2022. Five million years of high atmospheric CO2 in the aftermath of the Permian-Triassic mass extinction. Geology, 50(6): 650–654. https://doi.org/10.1130/G49714.1.",Y,Y,Y,X,,"Double checked by JDR, needs to be checked by J. Morton",,,,,,,,,,,,,,,,
Paleosol,Paleosol,"Lee , 1999",Lee_1999a,"Lee, Y.I., 1999. Stable isotopic composition of calcic paleosols of the Early Cretaceous Hasandong Formation, southeastern Korea. Palaeogeogr. Palaeocl., 150(1): 123-133. https://doi.org/10.1016/S0031-0182(99)00010-3.",-,-,-,-,Y,Uploaded to NCDC,,,,,,,,,,,,,,,,
Paleosol,Paleosol,"Lee and Hisada, 1999",Lee_1999b,"Lee, Y.I. and Hisada, K.-i., 1999. Stable isotopic composition of pedogenic carbonates of the Early Cretaceous Shimonoseki Subgroup, western Honshu, Japan. Palaeogeogr. Palaeocl., 153(1): 127-138. https://doi.org/10.1016/S0031-0182(99)00069-3.",-,-,-,-,Y,Uploaded to NCDC,,,,,,,,,,,,,,,,
Paleosol,Paleosol,"Leier et al., 2009",,"Leier, A., Quade, J., DeCelles, P. and Kapp, P., 2009. Stable isotopic results from paleosol carbonate in South Asia: Paleoenvironmental reconstructions and selective alteration. Earth Planet. Sci. Lett., 279(3): 242–254. https://doi.org/10.1016/j.epsl.2008.12.044.",-,-,-,-,Y,Uploaded to NCDC,,,,,,,,,,,,,,,,
Paleosol,Paleosol,"Li et al., 2014",,"Li, X., Jenkyns, H.C., Zhang, C., Wang, Y., Liu, L. and Cao, K., 2014. Carbon isotope signatures of pedogenic carbonates from SE China: rapid atmospheric pCO2 changes during middle–late early Cretaceous time. Geol. Mag., 151(5): 830–849. https://doi.org/10.1017/S0016756813000897.",-,-,-,-,Y,Uploaded to NCDC,,,,,,,,,,,,,,,,
Paleosol,Paleosol,"Li et al., 2016",,"Li, J., Wen, X.Y. and Huang, C.M., 2016. Lower Cretaceous paleosols and paleoclimate in Sichuan Basin, China. Cretaceous Res., 62: 154–171. https://doi.org/10.1016/j.cretres.2015.10.002.",-,-,-,-,Y,Uploaded to NCDC,,,,,,,,,,,,,,,,
Paleosol,Paleosol,"Li et al., 2020",Li_2020a,"Li, X., Wang, J., Rasbury, T., Zhou, M., Wei, Z. and Zhang, C., 2020. Early Jurassic climate and atmospheric CO2 concentration in the Sichuan paleobasin, southwestern China. Clim. Past., 16(6): 2055–2074. https://doi.org/10.5194/cp-16-2055-2020.",Y,Y,Y,,,Fixed errors identified by J. Morton. Double checked and ready for upload,,,,,,,,,,,,,,,,
Paleosol,Paleosol,"Li et al., 2020",Li_2020b,"Li, J., Wen, X. and Huang, C., 2020. Lower and upper Cretaceous paleosols in the western Sichuan Basin, China: Implications for regional paleoclimate. Geol. J., 55(1): 390-408. https://doi.org/10.1002/gj.3423.",Y,Y,Y,,,Fixed errors identified by J. Morton. Double checked and ready for upload,,,,,,,,,,,,,,,,
Paleosol,Paleosol,"Li et al., 2022",,"Li, J., Wen, X., Pan, Y. and Huang, C., 2022. Multiproxy Paleosol Evidence for Jurassic Paleoclimate Fluctuations in the Sichuan Basin, SW China. Acta Geologica Sinica, 96(6): 2105–2124. https://doi.org/10.1111/1755-6724.14962.",Y,Y,Y,,,Fixed errors identified by J. Morton. Double checked and ready for upload,,,,,,,,,,,,,,,,
Paleosol,Paleosol,"Ludvigson et al., 2015",,"Ludvigson, G.A., Joeckel, R.M., Murphy, L.R., Stockli, D.F., González, L.A., Suarez, C.A., Kirkland, J.I. and Al-Suwaidi, A., 2015. The emerging terrestrial record of Aptian-Albian global change. Cretaceous Res., 56: 1–24. https://doi.org/10.1016/j.cretres.2014.11.008.",-,-,-,-,Y,Uploaded to NCDC,,,,,,,,,,,,,,,,
Paleosol,Paleosol,"Menezes et al., 2022",,"Menezes, M.N., Dal' Bó, P.F., Smith, J.J., Rodrigues, A.G. and Rodríguez-Berriguete, Á., 2022. Maastrichtian atmospheric pCO2 and climatic reconstruction from carbonate paleosols of the Marília Formation (southeastern Brazil). J. Sediment. Res., 92(9): 775–796. https://doi.org/10.2110/jsr.2021.060.",-,-,-,-,Y,Uploaded to NCDC,,,,,,,,,,,,,,,,
Paleosol,Paleosol,"Montañez et al., 2007",,"Montañez, I.P., Tabor, N.J., Niemeier, D., DiMichele, W.A., Frank, T.D., Fielding, C.R., Isbell, J.L., Birgenheier, L.P. and Rygel, M.C., 2007. CO2-forced climate and vegetation instability during Late Paleozoic deglaciation. Science, 315(5808): 87–91. https://doi.org/10.1126/science.1134207.",Y,X,Y,X,,"Double checked by JDR, needs to be checked by J. Morton, Needs age data",,,,,,,,,,,,,,,,
Paleosol,Paleosol,"Montañez et al., 2016",,"Montañez, I.P., McElwain, J.C., Poulsen, C.J., White, J.D., Dimichele, W.A., Wilson, J.P., Griggs, G. and Hren, M.T., 2016. Climate, pCO2 and terrestrial carbon cycle linkages during late Palaeozoic glacial-interglacial cycles. Nat. Geosci., 9(11): 824–828. https://doi.org/10.1038/ngeo2822.",Y,Y,Y,X,,"Double checked by JDR, needs to be checked by J. Morton",,,,,,,,,,,,,,,,
Paleosol,Paleosol,"Mora et al., 1996",,"Mora, C.I., Driese, S.G. and Colarusso, L.A., 1996. Middle to late Paleozoic atmospheric CO2 levels from soil carbonate and organic matter. Science, 271(5252): 1105–1107. https://doi.org/10.1126/science.271.5252.1105.",Y,Y,Y,X,,"Double checked by JDR, needs to be checked by J. Morton",,,,,,,,,,,,,,,,
Paleosol,Paleosol,"Nordt et al., 2002",,"Nordt, L., Atchley, S. and Dworkin, S.I., 2002. Paleosol barometer indicates extreme fluctuations in atmospheric CO2 across the Cretaceous-Tertiary boundary. Geology, 30(8): 703–706. https://doi.org/10.1130/0091-7613(2002)030<0703:PBIEFI>2.0.CO;2.",Y,Y,Y,X,,"Double checked by JDR, needs to be checked by J. Morton",,,,,,,,,,,,,,,,
Paleosol,Paleosol,"Nordt et al., 2003",,"Nordt, L., Atchley, S. and Dworkin, S.I., 2003. Terrestrial evidence for two greenhouse events in the latest Cretaceous. GSA today, 13(12): 4–9. https://doi.org/10.1130/1052-5173(2003)013<4:TEFTGE>2.0.CO;2.",Y,Y,Y,X,,"Double checked by JDR, needs to be checked by J. Morton",,,,,,,,,,,,,,,,
Paleosol,Paleosol,"Nordt et al., 2015",,"Nordt, L., Atchley, S. and Dworkin, S.I., 2015. Collapse of the Late Triassic megamonsoon in western equatorial Pangea, present-day American Southwest. Geol. Soc. Am. Bull., 127(11–12): 1798–1815. https://doi.org/10.1130/b31186.1.",Y,Y,Y,X,,"Double checked by JDR, needs to be checked by J. Morton",,,,,,,,,,,,,,,,
Paleosol,Paleosol,"Orr et al., 2022",,"Orr, T.J., Wurster, C.M., Roberts, E.M., Singleton, R.E., Stevens, N.J. and O'Connor, P.M., 2022. Paleoatmospheric CO2 oscillations through a cool middle/Late Cretaceous recorded from pedogenic carbonates in Africa. Cretaceous Res., 135. https://doi.org/10.1016/j.cretres.2022.105191.",-,-,-,-,Y,Uploaded to NCDC,,,,,,,,,,,,,,,,
Paleosol,Paleosol,"Richey et al., 2024 (unpublished)",,"Richey, J.D., Colombi, C.E., Porter, A.S., Montañez, I.P., Kürschner, W.M. and McElwain, J.C., 2024 (In prep). Beyond the major events: A critical reappraisal of CO2 during a poorly characterized Late Triassic interval. Geology.",X,Y,Y,X,,"Needs to be updated post submission, needs to be checked by J. Morton",,,,,,,,,,,,,,,,
Paleosol,Paleosol,"Robinson et al., 2002",,"Robinson, S.A., Andrews, J.E., Hesselbo, S.P., Radley, J.D., Dennis, P., Harding, I.C. and Perce, A., 2002. Atmospheric pCO2 and depositional environment from stable-isotope geochemistry of calcrete nodules (Barremian, Lower Cretaceous, Wealden Beds, England). J. Geol. Soc. London, 159(2): 215–224. https://doi.org/10.1144/0016-764901-015.",-,-,-,-,Y,Uploaded to NCDC,,,,,,,,,,,,,,,,
Paleosol,Paleosol,"Roy et al., 2021",,"Roy, S., Sanyal, P., Ghosh, P., Bhattacharya, S.K. and Ajay, A., 2021. Atmospheric CO2 estimates based on Gondwanan (Indian) pedogenic carbonates reveal positive linkage with Mesozoic temperature variations. Palaeogeogr. Palaeocl., 582. https://doi.org/10.1016/j.palaeo.2021.110638.",Y,X?,Y,,,"Fixed errors identified by J. Morton. Double checked. No age data done, though there is age data in the template.",,,,,,,,,,,,,,,,
Paleosol,Paleosol,"Sandler et al., 2006",,"Sandler, A., 2006. Estimates of atmospheric CO2 levels during the mid-Turonian derived from stable isotope composition of paleosol calcite from Israel. In: A.M. Alonso-Zarza and L.H. Tanner (Editors), Paleoenvironmental Record and Applications of Calcretes and Palustrine Carbonates. Geological Society of America, pp. 0. https://doi.org/10.1130/2006.2416(05).",-,-,-,-,Y,Uploaded to NCDC,,,,,,,,,,,,,,,,
Paleosol,Paleosol,"Shaller et al., 2011",,"Schaller, M.F., Wright, J.D. and Kent, D.V., 2011. Atmospheric pCO2 Perturbations Associated with the Central Atlantic Magmatic Province. Science, 331(6023): 1404–1409. https://doi.org/10.1126/science.1199011.",Y,Y,Y,X,,"Double checked by JDR, needs to be checked by J. Morton",,,,,,,,,,,,,,,,
Paleosol,Paleosol,"Shaller et al., 2012",,"Schaller, M.F., Wright, J.D., Kent, D.V. and Olsen, P.E., 2012. Rapid emplacement of the Central Atlantic Magmatic Province as a net sink for CO2. Earth Planet. Sci. Lett., 323–324: 27–39. https://doi.org/10.1016/j.epsl.2011.12.028.",Y,Y,Y,X,,"Double checked by JDR, needs to be checked by J. Morton",,,,,,,,,,,,,,,,
Paleosol,Paleosol,"Shaller et al., 2015",,"Schaller, M.F., Wright, J.D. and Kent, D.V., 2015. A 30 Myr record of Late Triassic atmospheric pCO2 variation reflects a fundamental control of the carbon cycle by changes in continental weathering. Geol. Soc. Am. Bull., 127(5–6): 661–671. https://doi.org/10.1130/B31107.1.",Y,Y,Y,X,,"Double checked by JDR, needs to be checked by J. Morton",,,,,,,,,,,,,,,,
Paleosol,Paleosol,"Suarez et al., 2024 (unpublished)",,??????,X,Y,Y,X,,"Needs to be updated post submission, needs to be checked by J. Morton",,,,,,,,,,,,,,,,
Paleosol,Paleosol,"Tanner et al., 2001",,"Tanner, L.H., Hubert, J.F., Coffey, B.P. and McInerney, D.P., 2001. Stability of atmospheric CO2 levels across the Triassic/Jurassic boundary. Nature, 411(6838): 675–677. https://doi.org/10.1038/35079548.",Y,Y,Y,X,,"Double checked by JDR, needs to be checked by J. Morton",,,,,,,,,,,,,,,,
Paleosol,Paleosol,"Whiteside et al., 2015",,"Whiteside, J.H., Lindström, S., Irmis, R.B., Glasspool, I.J., Schaller, M.F., Dunlavey, M., Nesbitt, S.J., Smith, N.D. and Turner, A.H., 2015. Extreme ecosystem instability suppressed tropical dinosaur dominance for 30 million years. Proc. Natl. Acad. Sci. U.S.A., 112(26): 7909–7913. https://doi.org/10.1073/pnas.1505252112.",Y,Y,Y,X,,"Double checked by JDR, needs to be checked by J. Morton",,,,,,,,,,,,,,,,
Paleosol,Paleosol,"Zhu and Tabor, 2021",,"Zhu, L. and Tabor, N.J., 2021. Verification of regional-to-global scale environmental factors in paleosol stable carbon isotope ratios through the lower Permian succession of north-central Texas, U.S.A. Palaeogeogr. Palaeocl., 582: 110646. https://doi.org/10.1016/j.palaeo.2021.110646.",Y,X?,Y,,,Fixed errors identified by J. Morton. Double checked. Age data done? No section or stratigraphic information,,,,,,,,,,,,,,,,
,,,,,,,,,,,,,,,,,,,,,,,,,,
,,,,,,,,,,,,,,,,,,,,,,,,,,
,,,,,,,,,,,,,,,,,,,,,,,,,,
,,,,,,,,,,,,,,,,,,,,,,,,,,
,,,,,,,,,,,,,,,,,,,,,,,,,,
,,,,,,,,,,,,,,,,,,,,,,,,,,
,,,,,,,,,,,,,,,,,,,,,,,,,,
,,,,,,,,,,,,,,,,,,,,,,,,,,
,,,,,,,,,,,,,,,,,,,,,,,,,,
,,,,,,,,,,,,,,,,,,,,,,,,,,
,,,,,,,,,,,,,,,,,,,,,,,,,,
,,,,,,,,,,,,,,,,,,,,,,,,,,
,,,,,,,,,,,,,,,,,,,,,,,,,,
,,,,,,,,,,,,,,,,,,,,,,,,,,
,,,,,,,,,,,,,,,,,,,,,,,,,,
,,,,,,,,,,,,,,,,,,,,,,,,,,
,,,,,,,,,,,,,,,,,,,,,,,,,,
,,,,,,,,,,,,,,,,,,,,,,,,,,
,,,,,,,,,,,,,,,,,,,,,,,,,,
,,,,,,,,,,,,,,,,,,,,,,,,,,
,,,,,,,,,,,,,,,,,,,,,,,,,,
,,,,,,,,,,,,,,,,,,,,,,,,,,
,,,,,,,,,,,,,,,,,,,,,,,,,,
,,,,,,,,,,,,,,,,,,,,,,,,,,
,,,,,,,,,,,,,,,,,,,,,,,,,,
,,,,,,,,,,,,,,,,,,,,,,,,,,
,,,,,,,,,,,,,,,,,,,,,,,,,,
,,,,,,,,,,,,,,,,,,,,,,,,,,
,,,,,,,,,,,,,,,,,,,,,,,,,,
,,,,,,,,,,,,,,,,,,,,,,,,,,
,,,,,,,,,,,,,,,,,,,,,,,,,,
,,,,,,,,,,,,,,,,,,,,,,,,,,
,,,,,,,,,,,,,,,,,,,,,,,,,,
,,,,,,,,,,,,,,,,,,,,,,,,,,
,,,,,,,,,,,,,,,,,,,,,,,,,,
,,,,,,,,,,,,,,,,,,,,,,,,,,
,,,,,,,,,,,,,,,,,,,,,,,,,,
,,,,,,,,,,,,,,,,,,,,,,,,,,
,,,,,,,,,,,,,,,,,,,,,,,,,,
,,,,,,,,,,,,,,,,,,,,,,,,,,
,,,,,,,,,,,,,,,,,,,,,,,,,,
,,,,,,,,,,,,,,,,,,,,,,,,,,
,,,,,,,,,,,,,,,,,,,,,,,,,,
,,,,,,,,,,,,,,,,,,,,,,,,,,
,,,,,,,,,,,,,,,,,,,,,,,,,,
,,,,,,,,,,,,,,,,,,,,,,,,,,
,,,,,,,,,,,,,,,,,,,,,,,,,,
,,,,,,,,,,,,,,,,,,,,,,,,,,
,,,,,,,,,,,,,,,,,,,,,,,,,,
,,,,,,,,,,,,,,,,,,,,,,,,,,
,,,,,,,,,,,,,,,,,,,,,,,,,,
,,,,,,,,,,,,,,,,,,,,,,,,,,
,,,,,,,,,,,,,,,,,,,,,,,,,,
,,,,,,,,,,,,,,,,,,,,,,,,,,
,,,,,,,,,,,,,,,,,,,,,,,,,,
,,,,,,,,,,,,,,,,,,,,,,,,,,
,,,,,,,,,,,,,,,,,,,,,,,,,,
,,,,,,,,,,,,,,,,,,,,,,,,,,
,,,,,,,,,,,,,,,,,,,,,,,,,,
,,,,,,,,,,,,,,,,,,,,,,,,,,
,,,,,,,,,,,,,,,,,,,,,,,,,,
,,,,,,,,,,,,,,,,,,,,,,,,,,
,,,,,,,,,,,,,,,,,,,,,,,,,,
,,,,,,,,,,,,,,,,,,,,,,,,,,
,,,,,,,,,,,,,,,,,,,,,,,,,,
,,,,,,,,,,,,,,,,,,,,,,,,,,
,,,,,,,,,,,,,,,,,,,,,,,,,,
,,,,,,,,,,,,,,,,,,,,,,,,,,
,,,,,,,,,,,,,,,,,,,,,,,,,,
,,,,,,,,,,,,,,,,,,,,,,,,,,
,,,,,,,,,,,,,,,,,,,,,,,,,,
,,,,,,,,,,,,,,,,,,,,,,,,,,
,,,,,,,,,,,,,,,,,,,,,,,,,,
,,,,,,,,,,,,,,,,,,,,,,,,,,
,,,,,,,,,,,,,,,,,,,,,,,,,,
,,,,,,,,,,,,,,,,,,,,,,,,,,
,,,,,,,,,,,,,,,,,,,,,,,,,,
,,,,,,,,,,,,,,,,,,,,,,,,,,
,,,,,,,,,,,,,,,,,,,,,,,,,,
,,,,,,,,,,,,,,,,,,,,,,,,,,
,,,,,,,,,,,,,,,,,,,,,,,,,,
,,,,,,,,,,,,,,,,,,,,,,,,,,
,,,,,,,,,,,,,,,,,,,,,,,,,,
,,,,,,,,,,,,,,,,,,,,,,,,,,
,,,,,,,,,,,,,,,,,,,,,,,,,,
,,,,,,,,,,,,,,,,,,,,,,,,,,
,,,,,,,,,,,,,,,,,,,,,,,,,,
,,,,,,,,,,,,,,,,,,,,,,,,,,
,,,,,,,,,,,,,,,,,,,,,,,,,,
,,,,,,,,,,,,,,,,,,,,,,,,,,
,,,,,,,,,,,,,,,,,,,,,,,,,,
,,,,,,,,,,,,,,,,,,,,,,,,,,
,,,,,,,,,,,,,,,,,,,,,,,,,,
,,,,,,,,,,,,,,,,,,,,,,,,,,
,,,,,,,,,,,,,,,,,,,,,,,,,,
,,,,,,,,,,,,,,,,,,,,,,,,,,
,,,,,,,,,,,,,,,,,,,,,,,,,,
,,,,,,,,,,,,,,,,,,,,,,,,,,
,,,,,,,,,,,,,,,,,,,,,,,,,,
,,,,,,,,,,,,,,,,,,,,,,,,,,
,,,,,,,,,,,,,,,,,,,,,,,,,,
,,,,,,,,,,,,,,,,,,,,,,,,,,
,,,,,,,,,,,,,,,,,,,,,,,,,,
,,,,,,,,,,,,,,,,,,,,,,,,,,
,,,,,,,,,,,,,,,,,,,,,,,,,,
,,,,,,,,,,,,,,,,,,,,,,,,,,
,,,,,,,,,,,,,,,,,,,,,,,,,,
,,,,,,,,,,,,,,,,,,,,,,,,,,
,,,,,,,,,,,,,,,,,,,,,,,,,,
,,,,,,,,,,,,,,,,,,,,,,,,,,
,,,,,,,,,,,,,,,,,,,,,,,,,,
,,,,,,,,,,,,,,,,,,,,,,,,,,
,,,,,,,,,,,,,,,,,,,,,,,,,,
,,,,,,,,,,,,,,,,,,,,,,,,,,
,,,,,,,,,,,,,,,,,,,,,,,,,,
,,,,,,,,,,,,,,,,,,,,,,,,,,
,,,,,,,,,,,,,,,,,,,,,,,,,,
,,,,,,,,,,,,,,,,,,,,,,,,,,
,,,,,,,,,,,,,,,,,,,,,,,,,,
,,,,,,,,,,,,,,,,,,,,,,,,,,
,,,,,,,,,,,,,,,,,,,,,,,,,,
,,,,,,,,,,,,,,,,,,,,,,,,,,
,,,,,,,,,,,,,,,,,,,,,,,,,,
,,,,,,,,,,,,,,,,,,,,,,,,,,
,,,,,,,,,,,,,,,,,,,,,,,,,,
,,,,,,,,,,,,,,,,,,,,,,,,,,
,,,,,,,,,,,,,,,,,,,,,,,,,,
,,,,,,,,,,,,,,,,,,,,,,,,,,
,,,,,,,,,,,,,,,,,,,,,,,,,,
,,,,,,,,,,,,,,,,,,,,,,,,,,
,,,,,,,,,,,,,,,,,,,,,,,,,,
,,,,,,,,,,,,,,,,,,,,,,,,,,
,,,,,,,,,,,,,,,,,,,,,,,,,,
,,,,,,,,,,,,,,,,,,,,,,,,,,
,,,,,,,,,,,,,,,,,,,,,,,,,,
,,,,,,,,,,,,,,,,,,,,,,,,,,
,,,,,,,,,,,,,,,,,,,,,,,,,,
,,,,,,,,,,,,,,,,,,,,,,,,,,
,,,,,,,,,,,,,,,,,,,,,,,,,,
,,,,,,,,,,,,,,,,,,,,,,,,,,
,,,,,,,,,,,,,,,,,,,,,,,,,,
,,,,,,,,,,,,,,,,,,,,,,,,,,
,,,,,,,,,,,,,,,,,,,,,,,,,,
,,,,,,,,,,,,,,,,,,,,,,,,,,
,,,,,,,,,,,,,,,,,,,,,,,,,,
,,,,,,,,,,,,,,,,,,,,,,,,,,
,,,,,,,,,,,,,,,,,,,,,,,,,,
,,,,,,,,,,,,,,,,,,,,,,,,,,
,,,,,,,,,,,,,,,,,,,,,,,,,,
,,,,,,,,,,,,,,,,,,,,,,,,,,
,,,,,,,,,,,,,,,,,,,,,,,,,,
,,,,,,,,,,,,,,,,,,,,,,,,,,
,,,,,,,,,,,,,,,,,,,,,,,,,,
,,,,,,,,,,,,,,,,,,,,,,,,,,
,,,,,,,,,,,,,,,,,,,,,,,,,,
,,,,,,,,,,,,,,,,,,,,,,,,,,
,,,,,,,,,,,,,,,,,,,,,,,,,,
,,,,,,,,,,,,,,,,,,,,,,,,,,
,,,,,,,,,,,,,,,,,,,,,,,,,,
,,,,,,,,,,,,,,,,,,,,,,,,,,
,,,,,,,,,,,,,,,,,,,,,,,,,,
,,,,,,,,,,,,,,,,,,,,,,,,,,
,,,,,,,,,,,,,,,,,,,,,,,,,,
,,,,,,,,,,,,,,,,,,,,,,,,,,
,,,,,,,,,,,,,,,,,,,,,,,,,,
,,,,,,,,,,,,,,,,,,,,,,,,,,
,,,,,,,,,,,,,,,,,,,,,,,,,,
,,,,,,,,,,,,,,,,,,,,,,,,,,
,,,,,,,,,,,,,,,,,,,,,,,,,,
,,,,,,,,,,,,,,,,,,,,,,,,,,
,,,,,,,,,,,,,,,,,,,,,,,,,,
,,,,,,,,,,,,,,,,,,,,,,,,,,
,,,,,,,,,,,,,,,,,,,,,,,,,,
,,,,,,,,,,,,,,,,,,,,,,,,,,
,,,,,,,,,,,,,,,,,,,,,,,,,,
,,,,,,,,,,,,,,,,,,,,,,,,,,
,,,,,,,,,,,,,,,,,,,,,,,,,,
,,,,,,,,,,,,,,,,,,,,,,,,,,
,,,,,,,,,,,,,,,,,,,,,,,,,,
,,,,,,,,,,,,,,,,,,,,,,,,,,
,,,,,,,,,,,,,,,,,,,,,,,,,,
,,,,,,,,,,,,,,,,,,,,,,,,,,
,,,,,,,,,,,,,,,,,,,,,,,,,,
,,,,,,,,,,,,,,,,,,,,,,,,,,
,,,,,,,,,,,,,,,,,,,,,,,,,,
,,,,,,,,,,,,,,,,,,,,,,,,,,
,,,,,,,,,,,,,,,,,,,,,,,,,,
,,,,,,,,,,,,,,,,,,,,,,,,,,
,,,,,,,,,,,,,,,,,,,,,,,,,,
,,,,,,,,,,,,,,,,,,,,,,,,,,
,,,,,,,,,,,,,,,,,,,,,,,,,,
,,,,,,,,,,,,,,,,,,,,,,,,,,
,,,,,,,,,,,,,,,,,,,,,,,,,,
,,,,,,,,,,,,,,,,,,,,,,,,,,
,,,,,,,,,,,,,,,,,,,,,,,,,,
,,,,,,,,,,,,,,,,,,,,,,,,,,
,,,,,,,,,,,,,,,,,,,,,,,,,,
,,,,,,,,,,,,,,,,,,,,,,,,,,
,,,,,,,,,,,,,,,,,,,,,,,,,,
,,,,,,,,,,,,,,,,,,,,,,,,,,
,,,,,,,,,,,,,,,,,,,,,,,,,,
,,,,,,,,,,,,,,,,,,,,,,,,,,
,,,,,,,,,,,,,,,,,,,,,,,,,,
,,,,,,,,,,,,,,,,,,,,,,,,,,
,,,,,,,,,,,,,,,,,,,,,,,,,,
,,,,,,,,,,,,,,,,,,,,,,,,,,
,,,,,,,,,,,,,,,,,,,,,,,,,,
,,,,,,,,,,,,,,,,,,,,,,,,,,
,,,,,,,,,,,,,,,,,,,,,,,,,,
,,,,,,,,,,,,,,,,,,,,,,,,,,
,,,,,,,,,,,,,,,,,,,,,,,,,,
,,,,,,,,,,,,,,,,,,,,,,,,,,
,,,,,,,,,,,,,,,,,,,,,,,,,,
,,,,,,,,,,,,,,,,,,,,,,,,,,
,,,,,,,,,,,,,,,,,,,,,,,,,,
,,,,,,,,,,,,,,,,,,,,,,,,,,
,,,,,,,,,,,,,,,,,,,,,,,,,,
,,,,,,,,,,,,,,,,,,,,,,,,,,
,,,,,,,,,,,,,,,,,,,,,,,,,,
,,,,,,,,,,,,,,,,,,,,,,,,,,
,,,,,,,,,,,,,,,,,,,,,,,,,,
,,,,,,,,,,,,,,,,,,,,,,,,,,
,,,,,,,,,,,,,,,,,,,,,,,,,,
,,,,,,,,,,,,,,,,,,,,,,,,,,
,,,,,,,,,,,,,,,,,,,,,,,,,,
,,,,,,,,,,,,,,,,,,,,,,,,,,
,,,,,,,,,,,,,,,,,,,,,,,,,,
,,,,,,,,,,,,,,,,,,,,,,,,,,
,,,,,,,,,,,,,,,,,,,,,,,,,,
,,,,,,,,,,,,,,,,,,,,,,,,,,
,,,,,,,,,,,,,,,,,,,,,,,,,,
,,,,,,,,,,,,,,,,,,,,,,,,,,
,,,,,,,,,,,,,,,,,,,,,,,,,,
,,,,,,,,,,,,,,,,,,,,,,,,,,
,,,,,,,,,,,,,,,,,,,,,,,,,,
,,,,,,,,,,,,,,,,,,,,,,,,,,
,,,,,,,,,,,,,,,,,,,,,,,,,,
,,,,,,,,,,,,,,,,,,,,,,,,,,
,,,,,,,,,,,,,,,,,,,,,,,,,,
,,,,,,,,,,,,,,,,,,,,,,,,,,
,,,,,,,,,,,,,,,,,,,,,,,,,,
,,,,,,,,,,,,,,,,,,,,,,,,,,
,,,,,,,,,,,,,,,,,,,,,,,,,,
,,,,,,,,,,,,,,,,,,,,,,,,,,
,,,,,,,,,,,,,,,,,,,,,,,,,,
,,,,,,,,,,,,,,,,,,,,,,,,,,
,,,,,,,,,,,,,,,,,,,,,,,,,,
,,,,,,,,,,,,,,,,,,,,,,,,,,
,,,,,,,,,,,,,,,,,,,,,,,,,,
,,,,,,,,,,,,,,,,,,,,,,,,,,
,,,,,,,,,,,,,,,,,,,,,,,,,,
,,,,,,,,,,,,,,,,,,,,,,,,,,
,,,,,,,,,,,,,,,,,,,,,,,,,,
,,,,,,,,,,,,,,,,,,,,,,,,,,
,,,,,,,,,,,,,,,,,,,,,,,,,,
,,,,,,,,,,,,,,,,,,,,,,,,,,
,,,,,,,,,,,,,,,,,,,,,,,,,,
,,,,,,,,,,,,,,,,,,,,,,,,,,
,,,,,,,,,,,,,,,,,,,,,,,,,,
,,,,,,,,,,,,,,,,,,,,,,,,,,
,,,,,,,,,,,,,,,,,,,,,,,,,,
,,,,,,,,,,,,,,,,,,,,,,,,,,
,,,,,,,,,,,,,,,,,,,,,,,,,,
,,,,,,,,,,,,,,,,,,,,,,,,,,
,,,,,,,,,,,,,,,,,,,,,,,,,,
,,,,,,,,,,,,,,,,,,,,,,,,,,
,,,,,,,,,,,,,,,,,,,,,,,,,,
,,,,,,,,,,,,,,,,,,,,,,,,,,
,,,,,,,,,,,,,,,,,,,,,,,,,,
,,,,,,,,,,,,,,,,,,,,,,,,,,
,,,,,,,,,,,,,,,,,,,,,,,,,,
,,,,,,,,,,,,,,,,,,,,,,,,,,
,,,,,,,,,,,,,,,,,,,,,,,,,,
,,,,,,,,,,,,,,,,,,,,,,,,,,
,,,,,,,,,,,,,,,,,,,,,,,,,,
,,,,,,,,,,,,,,,,,,,,,,,,,,
,,,,,,,,,,,,,,,,,,,,,,,,,,
,,,,,,,,,,,,,,,,,,,,,,,,,,
,,,,,,,,,,,,,,,,,,,,,,,,,,
,,,,,,,,,,,,,,,,,,,,,,,,,,
,,,,,,,,,,,,,,,,,,,,,,,,,,
,,,,,,,,,,,,,,,,,,,,,,,,,,
,,,,,,,,,,,,,,,,,,,,,,,,,,
,,,,,,,,,,,,,,,,,,,,,,,,,,
,,,,,,,,,,,,,,,,,,,,,,,,,,
,,,,,,,,,,,,,,,,,,,,,,,,,,
,,,,,,,,,,,,,,,,,,,,,,,,,,
,,,,,,,,,,,,,,,,,,,,,,,,,,
,,,,,,,,,,,,,,,,,,,,,,,,,,
,,,,,,,,,,,,,,,,,,,,,,,,,,
,,,,,,,,,,,,,,,,,,,,,,,,,,
,,,,,,,,,,,,,,,,,,,,,,,,,,
,,,,,,,,,,,,,,,,,,,,,,,,,,
,,,,,,,,,,,,,,,,,,,,,,,,,,
,,,,,,,,,,,,,,,,,,,,,,,,,,
,,,,,,,,,,,,,,,,,,,,,,,,,,
,,,,,,,,,,,,,,,,,,,,,,,,,,
,,,,,,,,,,,,,,,,,,,,,,,,,,
,,,,,,,,,,,,,,,,,,,,,,,,,,
,,,,,,,,,,,,,,,,,,,,,,,,,,
,,,,,,,,,,,,,,,,,,,,,,,,,,
,,,,,,,,,,,,,,,,,,,,,,,,,,
,,,,,,,,,,,,,,,,,,,,,,,,,,
,,,,,,,,,,,,,,,,,,,,,,,,,,
,,,,,,,,,,,,,,,,,,,,,,,,,,
,,,,,,,,,,,,,,,,,,,,,,,,,,
,,,,,,,,,,,,,,,,,,,,,,,,,,
,,,,,,,,,,,,,,,,,,,,,,,,,,
,,,,,,,,,,,,,,,,,,,,,,,,,,
,,,,,,,,,,,,,,,,,,,,,,,,,,
,,,,,,,,,,,,,,,,,,,,,,,,,,
,,,,,,,,,,,,,,,,,,,,,,,,,,
,,,,,,,,,,,,,,,,,,,,,,,,,,
,,,,,,,,,,,,,,,,,,,,,,,,,,
,,,,,,,,,,,,,,,,,,,,,,,,,,
,,,,,,,,,,,,,,,,,,,,,,,,,,
,,,,,,,,,,,,,,,,,,,,,,,,,,
,,,,,,,,,,,,,,,,,,,,,,,,,,
,,,,,,,,,,,,,,,,,,,,,,,,,,
,,,,,,,,,,,,,,,,,,,,,,,,,,
,,,,,,,,,,,,,,,,,,,,,,,,,,
,,,,,,,,,,,,,,,,,,,,,,,,,,
,,,,,,,,,,,,,,,,,,,,,,,,,,
,,,,,,,,,,,,,,,,,,,,,,,,,,
,,,,,,,,,,,,,,,,,,,,,,,,,,
,,,,,,,,,,,,,,,,,,,,,,,,,,
,,,,,,,,,,,,,,,,,,,,,,,,,,
,,,,,,,,,,,,,,,,,,,,,,,,,,
,,,,,,,,,,,,,,,,,,,,,,,,,,
,,,,,,,,,,,,,,,,,,,,,,,,,,
,,,,,,,,,,,,,,,,,,,,,,,,,,
,,,,,,,,,,,,,,,,,,,,,,,,,,
,,,,,,,,,,,,,,,,,,,,,,,,,,
,,,,,,,,,,,,,,,,,,,,,,,,,,
,,,,,,,,,,,,,,,,,,,,,,,,,,
,,,,,,,,,,,,,,,,,,,,,,,,,,
,,,,,,,,,,,,,,,,,,,,,,,,,,
,,,,,,,,,,,,,,,,,,,,,,,,,,
,,,,,,,,,,,,,,,,,,,,,,,,,,
,,,,,,,,,,,,,,,,,,,,,,,,,,
,,,,,,,,,,,,,,,,,,,,,,,,,,
,,,,,,,,,,,,,,,,,,,,,,,,,,
,,,,,,,,,,,,,,,,,,,,,,,,,,
,,,,,,,,,,,,,,,,,,,,,,,,,,
,,,,,,,,,,,,,,,,,,,,,,,,,,
,,,,,,,,,,,,,,,,,,,,,,,,,,
,,,,,,,,,,,,,,,,,,,,,,,,,,
,,,,,,,,,,,,,,,,,,,,,,,,,,
,,,,,,,,,,,,,,,,,,,,,,,,,,
,,,,,,,,,,,,,,,,,,,,,,,,,,
,,,,,,,,,,,,,,,,,,,,,,,,,,
,,,,,,,,,,,,,,,,,,,,,,,,,,
,,,,,,,,,,,,,,,,,,,,,,,,,,
,,,,,,,,,,,,,,,,,,,,,,,,,,
,,,,,,,,,,,,,,,,,,,,,,,,,,
,,,,,,,,,,,,,,,,,,,,,,,,,,
,,,,,,,,,,,,,,,,,,,,,,,,,,
,,,,,,,,,,,,,,,,,,,,,,,,,,
,,,,,,,,,,,,,,,,,,,,,,,,,,
,,,,,,,,,,,,,,,,,,,,,,,,,,
,,,,,,,,,,,,,,,,,,,,,,,,,,
,,,,,,,,,,,,,,,,,,,,,,,,,,
,,,,,,,,,,,,,,,,,,,,,,,,,,
,,,,,,,,,,,,,,,,,,,,,,,,,,
,,,,,,,,,,,,,,,,,,,,,,,,,,
,,,,,,,,,,,,,,,,,,,,,,,,,,
,,,,,,,,,,,,,,,,,,,,,,,,,,
,,,,,,,,,,,,,,,,,,,,,,,,,,
,,,,,,,,,,,,,,,,,,,,,,,,,,
,,,,,,,,,,,,,,,,,,,,,,,,,,
,,,,,,,,,,,,,,,,,,,,,,,,,,
,,,,,,,,,,,,,,,,,,,,,,,,,,
,,,,,,,,,,,,,,,,,,,,,,,,,,
,,,,,,,,,,,,,,,,,,,,,,,,,,
,,,,,,,,,,,,,,,,,,,,,,,,,,
,,,,,,,,,,,,,,,,,,,,,,,,,,
,,,,,,,,,,,,,,,,,,,,,,,,,,
,,,,,,,,,,,,,,,,,,,,,,,,,,
,,,,,,,,,,,,,,,,,,,,,,,,,,
,,,,,,,,,,,,,,,,,,,,,,,,,,
,,,,,,,,,,,,,,,,,,,,,,,,,,
,,,,,,,,,,,,,,,,,,,,,,,,,,
,,,,,,,,,,,,,,,,,,,,,,,,,,
,,,,,,,,,,,,,,,,,,,,,,,,,,
,,,,,,,,,,,,,,,,,,,,,,,,,,
,,,,,,,,,,,,,,,,,,,,,,,,,,
,,,,,,,,,,,,,,,,,,,,,,,,,,
,,,,,,,,,,,,,,,,,,,,,,,,,,
,,,,,,,,,,,,,,,,,,,,,,,,,,
,,,,,,,,,,,,,,,,,,,,,,,,,,
,,,,,,,,,,,,,,,,,,,,,,,,,,
,,,,,,,,,,,,,,,,,,,,,,,,,,
,,,,,,,,,,,,,,,,,,,,,,,,,,
,,,,,,,,,,,,,,,,,,,,,,,,,,
,,,,,,,,,,,,,,,,,,,,,,,,,,
,,,,,,,,,,,,,,,,,,,,,,,,,,
,,,,,,,,,,,,,,,,,,,,,,,,,,
,,,,,,,,,,,,,,,,,,,,,,,,,,
,,,,,,,,,,,,,,,,,,,,,,,,,,
,,,,,,,,,,,,,,,,,,,,,,,,,,
,,,,,,,,,,,,,,,,,,,,,,,,,,
,,,,,,,,,,,,,,,,,,,,,,,,,,
,,,,,,,,,,,,,,,,,,,,,,,,,,
,,,,,,,,,,,,,,,,,,,,,,,,,,
,,,,,,,,,,,,,,,,,,,,,,,,,,
,,,,,,,,,,,,,,,,,,,,,,,,,,
,,,,,,,,,,,,,,,,,,,,,,,,,,
,,,,,,,,,,,,,,,,,,,,,,,,,,
,,,,,,,,,,,,,,,,,,,,,,,,,,
,,,,,,,,,,,,,,,,,,,,,,,,,,
,,,,,,,,,,,,,,,,,,,,,,,,,,
,,,,,,,,,,,,,,,,,,,,,,,,,,
,,,,,,,,,,,,,,,,,,,,,,,,,,
,,,,,,,,,,,,,,,,,,,,,,,,,,
,,,,,,,,,,,,,,,,,,,,,,,,,,
,,,,,,,,,,,,,,,,,,,,,,,,,,
,,,,,,,,,,,,,,,,,,,,,,,,,,
,,,,,,,,,,,,,,,,,,,,,,,,,,
,,,,,,,,,,,,,,,,,,,,,,,,,,
,,,,,,,,,,,,,,,,,,,,,,,,,,
,,,,,,,,,,,,,,,,,,,,,,,,,,
,,,,,,,,,,,,,,,,,,,,,,,,,,
,,,,,,,,,,,,,,,,,,,,,,,,,,
,,,,,,,,,,,,,,,,,,,,,,,,,,
,,,,,,,,,,,,,,,,,,,,,,,,,,
,,,,,,,,,,,,,,,,,,,,,,,,,,
,,,,,,,,,,,,,,,,,,,,,,,,,,
,,,,,,,,,,,,,,,,,,,,,,,,,,
,,,,,,,,,,,,,,,,,,,,,,,,,,
,,,,,,,,,,,,,,,,,,,,,,,,,,
,,,,,,,,,,,,,,,,,,,,,,,,,,
,,,,,,,,,,,,,,,,,,,,,,,,,,
,,,,,,,,,,,,,,,,,,,,,,,,,,
,,,,,,,,,,,,,,,,,,,,,,,,,,
,,,,,,,,,,,,,,,,,,,,,,,,,,
,,,,,,,,,,,,,,,,,,,,,,,,,,
,,,,,,,,,,,,,,,,,,,,,,,,,,
,,,,,,,,,,,,,,,,,,,,,,,,,,
,,,,,,,,,,,,,,,,,,,,,,,,,,
,,,,,,,,,,,,,,,,,,,,,,,,,,
,,,,,,,,,,,,,,,,,,,,,,,,,,
,,,,,,,,,,,,,,,,,,,,,,,,,,
,,,,,,,,,,,,,,,,,,,,,,,,,,
,,,,,,,,,,,,,,,,,,,,,,,,,,
,,,,,,,,,,,,,,,,,,,,,,,,,,
,,,,,,,,,,,,,,,,,,,,,,,,,,
,,,,,,,,,,,,,,,,,,,,,,,,,,
,,,,,,,,,,,,,,,,,,,,,,,,,,
,,,,,,,,,,,,,,,,,,,,,,,,,,
,,,,,,,,,,,,,,,,,,,,,,,,,,
,,,,,,,,,,,,,,,,,,,,,,,,,,
,,,,,,,,,,,,,,,,,,,,,,,,,,
,,,,,,,,,,,,,,,,,,,,,,,,,,
,,,,,,,,,,,,,,,,,,,,,,,,,,
,,,,,,,,,,,,,,,,,,,,,,,,,,
,,,,,,,,,,,,,,,,,,,,,,,,,,
,,,,,,,,,,,,,,,,,,,,,,,,,,
,,,,,,,,,,,,,,,,,,,,,,,,,,
,,,,,,,,,,,,,,,,,,,,,,,,,,
,,,,,,,,,,,,,,,,,,,,,,,,,,
,,,,,,,,,,,,,,,,,,,,,,,,,,
,,,,,,,,,,,,,,,,,,,,,,,,,,
,,,,,,,,,,,,,,,,,,,,,,,,,,
,,,,,,,,,,,,,,,,,,,,,,,,,,
,,,,,,,,,,,,,,,,,,,,,,,,,,
,,,,,,,,,,,,,,,,,,,,,,,,,,
,,,,,,,,,,,,,,,,,,,,,,,,,,
,,,,,,,,,,,,,,,,,,,,,,,,,,
,,,,,,,,,,,,,,,,,,,,,,,,,,
,,,,,,,,,,,,,,,,,,,,,,,,,,
,,,,,,,,,,,,,,,,,,,,,,,,,,
,,,,,,,,,,,,,,,,,,,,,,,,,,
,,,,,,,,,,,,,,,,,,,,,,,,,,
,,,,,,,,,,,,,,,,,,,,,,,,,,
,,,,,,,,,,,,,,,,,,,,,,,,,,
,,,,,,,,,,,,,,,,,,,,,,,,,,
,,,,,,,,,,,,,,,,,,,,,,,,,,
,,,,,,,,,,,,,,,,,,,,,,,,,,
,,,,,,,,,,,,,,,,,,,,,,,,,,
,,,,,,,,,,,,,,,,,,,,,,,,,,
,,,,,,,,,,,,,,,,,,,,,,,,,,
,,,,,,,,,,,,,,,,,,,,,,,,,,
,,,,,,,,,,,,,,,,,,,,,,,,,,
,,,,,,,,,,,,,,,,,,,,,,,,,,
,,,,,,,,,,,,,,,,,,,,,,,,,,
,,,,,,,,,,,,,,,,,,,,,,,,,,
,,,,,,,,,,,,,,,,,,,,,,,,,,
,,,,,,,,,,,,,,,,,,,,,,,,,,
,,,,,,,,,,,,,,,,,,,,,,,,,,
,,,,,,,,,,,,,,,,,,,,,,,,,,
,,,,,,,,,,,,,,,,,,,,,,,,,,
,,,,,,,,,,,,,,,,,,,,,,,,,,
,,,,,,,,,,,,,,,,,,,,,,,,,,
,,,,,,,,,,,,,,,,,,,,,,,,,,
,,,,,,,,,,,,,,,,,,,,,,,,,,
,,,,,,,,,,,,,,,,,,,,,,,,,,
,,,,,,,,,,,,,,,,,,,,,,,,,,
,,,,,,,,,,,,,,,,,,,,,,,,,,
,,,,,,,,,,,,,,,,,,,,,,,,,,
,,,,,,,,,,,,,,,,,,,,,,,,,,
,,,,,,,,,,,,,,,,,,,,,,,,,,
,,,,,,,,,,,,,,,,,,,,,,,,,,
,,,,,,,,,,,,,,,,,,,,,,,,,,
,,,,,,,,,,,,,,,,,,,,,,,,,,
,,,,,,,,,,,,,,,,,,,,,,,,,,
,,,,,,,,,,,,,,,,,,,,,,,,,,
,,,,,,,,,,,,,,,,,,,,,,,,,,
,,,,,,,,,,,,,,,,,,,,,,,,,,
,,,,,,,,,,,,,,,,,,,,,,,,,,
,,,,,,,,,,,,,,,,,,,,,,,,,,
,,,,,,,,,,,,,,,,,,,,,,,,,,
,,,,,,,,,,,,,,,,,,,,,,,,,,
,,,,,,,,,,,,,,,,,,,,,,,,,,
,,,,,,,,,,,,,,,,,,,,,,,,,,
,,,,,,,,,,,,,,,,,,,,,,,,,,
,,,,,,,,,,,,,,,,,,,,,,,,,,
,,,,,,,,,,,,,,,,,,,,,,,,,,
,,,,,,,,,,,,,,,,,,,,,,,,,,
,,,,,,,,,,,,,,,,,,,,,,,,,,
,,,,,,,,,,,,,,,,,,,,,,,,,,
,,,,,,,,,,,,,,,,,,,,,,,,,,
,,,,,,,,,,,,,,,,,,,,,,,,,,
,,,,,,,,,,,,,,,,,,,,,,,,,,
,,,,,,,,,,,,,,,,,,,,,,,,,,
,,,,,,,,,,,,,,,,,,,,,,,,,,
,,,,,,,,,,,,,,,,,,,,,,,,,,
,,,,,,,,,,,,,,,,,,,,,,,,,,
,,,,,,,,,,,,,,,,,,,,,,,,,,
,,,,,,,,,,,,,,,,,,,,,,,,,,
,,,,,,,,,,,,,,,,,,,,,,,,,,
,,,,,,,,,,,,,,,,,,,,,,,,,,
,,,,,,,,,,,,,,,,,,,,,,,,,,
,,,,,,,,,,,,,,,,,,,,,,,,,,
,,,,,,,,,,,,,,,,,,,,,,,,,,
,,,,,,,,,,,,,,,,,,,,,,,,,,
,,,,,,,,,,,,,,,,,,,,,,,,,,
,,,,,,,,,,,,,,,,,,,,,,,,,,
,,,,,,,,,,,,,,,,,,,,,,,,,,
,,,,,,,,,,,,,,,,,,,,,,,,,,
,,,,,,,,,,,,,,,,,,,,,,,,,,
,,,,,,,,,,,,,,,,,,,,,,,,,,
,,,,,,,,,,,,,,,,,,,,,,,,,,
,,,,,,,,,,,,,,,,,,,,,,,,,,
,,,,,,,,,,,,,,,,,,,,,,,,,,
,,,,,,,,,,,,,,,,,,,,,,,,,,
,,,,,,,,,,,,,,,,,,,,,,,,,,
,,,,,,,,,,,,,,,,,,,,,,,,,,
,,,,,,,,,,,,,,,,,,,,,,,,,,
,,,,,,,,,,,,,,,,,,,,,,,,,,
,,,,,,,,,,,,,,,,,,,,,,,,,,
,,,,,,,,,,,,,,,,,,,,,,,,,,
,,,,,,,,,,,,,,,,,,,,,,,,,,
,,,,,,,,,,,,,,,,,,,,,,,,,,
,,,,,,,,,,,,,,,,,,,,,,,,,,
,,,,,,,,,,,,,,,,,,,,,,,,,,
,,,,,,,,,,,,,,,,,,,,,,,,,,
,,,,,,,,,,,,,,,,,,,,,,,,,,
,,,,,,,,,,,,,,,,,,,,,,,,,,
,,,,,,,,,,,,,,,,,,,,,,,,,,
,,,,,,,,,,,,,,,,,,,,,,,,,,
,,,,,,,,,,,,,,,,,,,,,,,,,,
,,,,,,,,,,,,,,,,,,,,,,,,,,
,,,,,,,,,,,,,,,,,,,,,,,,,,
,,,,,,,,,,,,,,,,,,,,,,,,,,
,,,,,,,,,,,,,,,,,,,,,,,,,,
,,,,,,,,,,,,,,,,,,,,,,,,,,
,,,,,,,,,,,,,,,,,,,,,,,,,,
,,,,,,,,,,,,,,,,,,,,,,,,,,
,,,,,,,,,,,,,,,,,,,,,,,,,,
,,,,,,,,,,,,,,,,,,,,,,,,,,
,,,,,,,,,,,,,,,,,,,,,,,,,,
,,,,,,,,,,,,,,,,,,,,,,,,,,
,,,,,,,,,,,,,,,,,,,,,,,,,,
,,,,,,,,,,,,,,,,,,,,,,,,,,
,,,,,,,,,,,,,,,,,,,,,,,,,,
,,,,,,,,,,,,,,,,,,,,,,,,,,
,,,,,,,,,,,,,,,,,,,,,,,,,,
,,,,,,,,,,,,,,,,,,,,,,,,,,
,,,,,,,,,,,,,,,,,,,,,,,,,,
,,,,,,,,,,,,,,,,,,,,,,,,,,
,,,,,,,,,,,,,,,,,,,,,,,,,,
,,,,,,,,,,,,,,,,,,,,,,,,,,
,,,,,,,,,,,,,,,,,,,,,,,,,,
,,,,,,,,,,,,,,,,,,,,,,,,,,
,,,,,,,,,,,,,,,,,,,,,,,,,,
,,,,,,,,,,,,,,,,,,,,,,,,,,
,,,,,,,,,,,,,,,,,,,,,,,,,,
,,,,,,,,,,,,,,,,,,,,,,,,,,
,,,,,,,,,,,,,,,,,,,,,,,,,,
,,,,,,,,,,,,,,,,,,,,,,,,,,
,,,,,,,,,,,,,,,,,,,,,,,,,,
,,,,,,,,,,,,,,,,,,,,,,,,,,
,,,,,,,,,,,,,,,,,,,,,,,,,,
,,,,,,,,,,,,,,,,,,,,,,,,,,
,,,,,,,,,,,,,,,,,,,,,,,,,,
,,,,,,,,,,,,,,,,,,,,,,,,,,
,,,,,,,,,,,,,,,,,,,,,,,,,,
,,,,,,,,,,,,,,,,,,,,,,,,,,
,,,,,,,,,,,,,,,,,,,,,,,,,,
,,,,,,,,,,,,,,,,,,,,,,,,,,
,,,,,,,,,,,,,,,,,,,,,,,,,,
,,,,,,,,,,,,,,,,,,,,,,,,,,
,,,,,,,,,,,,,,,,,,,,,,,,,,
,,,,,,,,,,,,,,,,,,,,,,,,,,
,,,,,,,,,,,,,,,,,,,,,,,,,,
,,,,,,,,,,,,,,,,,,,,,,,,,,
,,,,,,,,,,,,,,,,,,,,,,,,,,
,,,,,,,,,,,,,,,,,,,,,,,,,,
,,,,,,,,,,,,,,,,,,,,,,,,,,
,,,,,,,,,,,,,,,,,,,,,,,,,,
,,,,,,,,,,,,,,,,,,,,,,,,,,
,,,,,,,,,,,,,,,,,,,,,,,,,,
,,,,,,,,,,,,,,,,,,,,,,,,,,
,,,,,,,,,,,,,,,,,,,,,,,,,,
,,,,,,,,,,,,,,,,,,,,,,,,,,
,,,,,,,,,,,,,,,,,,,,,,,,,,
,,,,,,,,,,,,,,,,,,,,,,,,,,
,,,,,,,,,,,,,,,,,,,,,,,,,,
,,,,,,,,,,,,,,,,,,,,,,,,,,
,,,,,,,,,,,,,,,,,,,,,,,,,,
,,,,,,,,,,,,,,,,,,,,,,,,,,
,,,,,,,,,,,,,,,,,,,,,,,,,,
,,,,,,,,,,,,,,,,,,,,,,,,,,
,,,,,,,,,,,,,,,,,,,,,,,,,,
,,,,,,,,,,,,,,,,,,,,,,,,,,
,,,,,,,,,,,,,,,,,,,,,,,,,,
,,,,,,,,,,,,,,,,,,,,,,,,,,
,,,,,,,,,,,,,,,,,,,,,,,,,,
,,,,,,,,,,,,,,,,,,,,,,,,,,
,,,,,,,,,,,,,,,,,,,,,,,,,,
,,,,,,,,,,,,,,,,,,,,,,,,,,
,,,,,,,,,,,,,,,,,,,,,,,,,,
,,,,,,,,,,,,,,,,,,,,,,,,,,
,,,,,,,,,,,,,,,,,,,,,,,,,,
,,,,,,,,,,,,,,,,,,,,,,,,,,
,,,,,,,,,,,,,,,,,,,,,,,,,,
,,,,,,,,,,,,,,,,,,,,,,,,,,
,,,,,,,,,,,,,,,,,,,,,,,,,,
,,,,,,,,,,,,,,,,,,,,,,,,,,
,,,,,,,,,,,,,,,,,,,,,,,,,,
,,,,,,,,,,,,,,,,,,,,,,,,,,
,,,,,,,,,,,,,,,,,,,,,,,,,,
,,,,,,,,,,,,,,,,,,,,,,,,,,
,,,,,,,,,,,,,,,,,,,,,,,,,,
,,,,,,,,,,,,,,,,,,,,,,,,,,
,,,,,,,,,,,,,,,,,,,,,,,,,,
,,,,,,,,,,,,,,,,,,,,,,,,,,
,,,,,,,,,,,,,,,,,,,,,,,,,,
,,,,,,,,,,,,,,,,,,,,,,,,,,
,,,,,,,,,,,,,,,,,,,,,,,,,,
,,,,,,,,,,,,,,,,,,,,,,,,,,
,,,,,,,,,,,,,,,,,,,,,,,,,,
,,,,,,,,,,,,,,,,,,,,,,,,,,
,,,,,,,,,,,,,,,,,,,,,,,,,,
,,,,,,,,,,,,,,,,,,,,,,,,,,
,,,,,,,,,,,,,,,,,,,,,,,,,,
,,,,,,,,,,,,,,,,,,,,,,,,,,
,,,,,,,,,,,,,,,,,,,,,,,,,,
,,,,,,,,,,,,,,,,,,,,,,,,,,
,,,,,,,,,,,,,,,,,,,,,,,,,,
,,,,,,,,,,,,,,,,,,,,,,,,,,
,,,,,,,,,,,,,,,,,,,,,,,,,,
,,,,,,,,,,,,,,,,,,,,,,,,,,
,,,,,,,,,,,,,,,,,,,,,,,,,,
,,,,,,,,,,,,,,,,,,,,,,,,,,
,,,,,,,,,,,,,,,,,,,,,,,,,,
,,,,,,,,,,,,,,,,,,,,,,,,,,
,,,,,,,,,,,,,,,,,,,,,,,,,,
,,,,,,,,,,,,,,,,,,,,,,,,,,
,,,,,,,,,,,,,,,,,,,,,,,,,,
,,,,,,,,,,,,,,,,,,,,,,,,,,
,,,,,,,,,,,,,,,,,,,,,,,,,,
,,,,,,,,,,,,,,,,,,,,,,,,,,
,,,,,,,,,,,,,,,,,,,,,,,,,,
,,,,,,,,,,,,,,,,,,,,,,,,,,
,,,,,,,,,,,,,,,,,,,,,,,,,,
,,,,,,,,,,,,,,,,,,,,,,,,,,
,,,,,,,,,,,,,,,,,,,,,,,,,,
,,,,,,,,,,,,,,,,,,,,,,,,,,
,,,,,,,,,,,,,,,,,,,,,,,,,,
,,,,,,,,,,,,,,,,,,,,,,,,,,
,,,,,,,,,,,,,,,,,,,,,,,,,,
,,,,,,,,,,,,,,,,,,,,,,,,,,
,,,,,,,,,,,,,,,,,,,,,,,,,,
,,,,,,,,,,,,,,,,,,,,,,,,,,
,,,,,,,,,,,,,,,,,,,,,,,,,,
,,,,,,,,,,,,,,,,,,,,,,,,,,
,,,,,,,,,,,,,,,,,,,,,,,,,,
,,,,,,,,,,,,,,,,,,,,,,,,,,
,,,,,,,,,,,,,,,,,,,,,,,,,,
,,,,,,,,,,,,,,,,,,,,,,,,,,
,,,,,,,,,,,,,,,,,,,,,,,,,,
,,,,,,,,,,,,,,,,,,,,,,,,,,
,,,,,,,,,,,,,,,,,,,,,,,,,,
,,,,,,,,,,,,,,,,,,,,,,,,,,
,,,,,,,,,,,,,,,,,,,,,,,,,,
,,,,,,,,,,,,,,,,,,,,,,,,,,
,,,,,,,,,,,,,,,,,,,,,,,,,,
,,,,,,,,,,,,,,,,,,,,,,,,,,
,,,,,,,,,,,,,,,,,,,,,,,,,,
,,,,,,,,,,,,,,,,,,,,,,,,,,
,,,,,,,,,,,,,,,,,,,,,,,,,,
,,,,,,,,,,,,,,,,,,,,,,,,,,
,,,,,,,,,,,,,,,,,,,,,,,,,,
,,,,,,,,,,,,,,,,,,,,,,,,,,
,,,,,,,,,,,,,,,,,,,,,,,,,,
,,,,,,,,,,,,,,,,,,,,,,,,,,
,,,,,,,,,,,,,,,,,,,,,,,,,,
,,,,,,,,,,,,,,,,,,,,,,,,,,
,,,,,,,,,,,,,,,,,,,,,,,,,,
,,,,,,,,,,,,,,,,,,,,,,,,,,
,,,,,,,,,,,,,,,,,,,,,,,,,,
,,,,,,,,,,,,,,,,,,,,,,,,,,
,,,,,,,,,,,,,,,,,,,,,,,,,,
,,,,,,,,,,,,,,,,,,,,,,,,,,
,,,,,,,,,,,,,,,,,,,,,,,,,,
,,,,,,,,,,,,,,,,,,,,,,,,,,
,,,,,,,,,,,,,,,,,,,,,,,,,,
,,,,,,,,,,,,,,,,,,,,,,,,,,
,,,,,,,,,,,,,,,,,,,,,,,,,,
,,,,,,,,,,,,,,,,,,,,,,,,,,
,,,,,,,,,,,,,,,,,,,,,,,,,,
,,,,,,,,,,,,,,,,,,,,,,,,,,
,,,,,,,,,,,,,,,,,,,,,,,,,,
,,,,,,,,,,,,,,,,,,,,,,,,,,
,,,,,,,,,,,,,,,,,,,,,,,,,,
,,,,,,,,,,,,,,,,,,,,,,,,,,
,,,,,,,,,,,,,,,,,,,,,,,,,,
,,,,,,,,,,,,,,,,,,,,,,,,,,
,,,,,,,,,,,,,,,,,,,,,,,,,,
,,,,,,,,,,,,,,,,,,,,,,,,,,
,,,,,,,,,,,,,,,,,,,,,,,,,,
,,,,,,,,,,,,,,,,,,,,,,,,,,
,,,,,,,,,,,,,,,,,,,,,,,,,,
,,,,,,,,,,,,,,,,,,,,,,,,,,
,,,,,,,,,,,,,,,,,,,,,,,,,,
,,,,,,,,,,,,,,,,,,,,,,,,,,
,,,,,,,,,,,,,,,,,,,,,,,,,,
,,,,,,,,,,,,,,,,,,,,,,,,,,
,,,,,,,,,,,,,,,,,,,,,,,,,,
,,,,,,,,,,,,,,,,,,,,,,,,,,
,,,,,,,,,,,,,,,,,,,,,,,,,,
,,,,,,,,,,,,,,,,,,,,,,,,,,
,,,,,,,,,,,,,,,,,,,,,,,,,,
,,,,,,,,,,,,,,,,,,,,,,,,,,
,,,,,,,,,,,,,,,,,,,,,,,,,,
,,,,,,,,,,,,,,,,,,,,,,,,,,
,,,,,,,,,,,,,,,,,,,,,,,,,,
,,,,,,,,,,,,,,,,,,,,,,,,,,
,,,,,,,,,,,,,,,,,,,,,,,,,,
,,,,,,,,,,,,,,,,,,,,,,,,,,
,,,,,,,,,,,,,,,,,,,,,,,,,,
,,,,,,,,,,,,,,,,,,,,,,,,,,
,,,,,,,,,,,,,,,,,,,,,,,,,,
,,,,,,,,,,,,,,,,,,,,,,,,,,
,,,,,,,,,,,,,,,,,,,,,,,,,,
,,,,,,,,,,,,,,,,,,,,,,,,,,
,,,,,,,,,,,,,,,,,,,,,,,,,,
,,,,,,,,,,,,,,,,,,,,,,,,,,
,,,,,,,,,,,,,,,,,,,,,,,,,,
,,,,,,,,,,,,,,,,,,,,,,,,,,
,,,,,,,,,,,,,,,,,,,,,,,,,,
,,,,,,,,,,,,,,,,,,,,,,,,,,
,,,,,,,,,,,,,,,,,,,,,,,,,,
,,,,,,,,,,,,,,,,,,,,,,,,,,
,,,,,,,,,,,,,,,,,,,,,,,,,,
,,,,,,,,,,,,,,,,,,,,,,,,,,
,,,,,,,,,,,,,,,,,,,,,,,,,,
,,,,,,,,,,,,,,,,,,,,,,,,,,
,,,,,,,,,,,,,,,,,,,,,,,,,,
,,,,,,,,,,,,,,,,,,,,,,,,,,
,,,,,,,,,,,,,,,,,,,,,,,,,,
,,,,,,,,,,,,,,,,,,,,,,,,,,
,,,,,,,,,,,,,,,,,,,,,,,,,,
,,,,,,,,,,,,,,,,,,,,,,,,,,
,,,,,,,,,,,,,,,,,,,,,,,,,,
,,,,,,,,,,,,,,,,,,,,,,,,,,
,,,,,,,,,,,,,,,,,,,,,,,,,,
,,,,,,,,,,,,,,,,,,,,,,,,,,
,,,,,,,,,,,,,,,,,,,,,,,,,,
,,,,,,,,,,,,,,,,,,,,,,,,,,
,,,,,,,,,,,,,,,,,,,,,,,,,,
,,,,,,,,,,,,,,,,,,,,,,,,,,
,,,,,,,,,,,,,,,,,,,,,,,,,,
,,,,,,,,,,,,,,,,,,,,,,,,,,
,,,,,,,,,,,,,,,,,,,,,,,,,,
,,,,,,,,,,,,,,,,,,,,,,,,,,
,,,,,,,,,,,,,,,,,,,,,,,,,,
,,,,,,,,,,,,,,,,,,,,,,,,,,
,,,,,,,,,,,,,,,,,,,,,,,,,,
,,,,,,,,,,,,,,,,,,,,,,,,,,
,,,,,,,,,,,,,,,,,,,,,,,,,,
,,,,,,,,,,,,,,,,,,,,,,,,,,
,,,,,,,,,,,,,,,,,,,,,,,,,,
,,,,,,,,,,,,,,,,,,,,,,,,,,
,,,,,,,,,,,,,,,,,,,,,,,,,,
,,,,,,,,,,,,,,,,,,,,,,,,,,
,,,,,,,,,,,,,,,,,,,,,,,,,,
,,,,,,,,,,,,,,,,,,,,,,,,,,
,,,,,,,,,,,,,,,,,,,,,,,,,,
,,,,,,,,,,,,,,,,,,,,,,,,,,
,,,,,,,,,,,,,,,,,,,,,,,,,,
,,,,,,,,,,,,,,,,,,,,,,,,,,
,,,,,,,,,,,,,,,,,,,,,,,,,,
,,,,,,,,,,,,,,,,,,,,,,,,,,
,,,,,,,,,,,,,,,,,,,,,,,,,,
,,,,,,,,,,,,,,,,,,,,,,,,,,
,,,,,,,,,,,,,,,,,,,,,,,,,,
,,,,,,,,,,,,,,,,,,,,,,,,,,
,,,,,,,,,,,,,,,,,,,,,,,,,,
,,,,,,,,,,,,,,,,,,,,,,,,,,
,,,,,,,,,,,,,,,,,,,,,,,,,,
,,,,,,,,,,,,,,,,,,,,,,,,,,
,,,,,,,,,,,,,,,,,,,,,,,,,,
,,,,,,,,,,,,,,,,,,,,,,,,,,
,,,,,,,,,,,,,,,,,,,,,,,,,,
,,,,,,,,,,,,,,,,,,,,,,,,,,
,,,,,,,,,,,,,,,,,,,,,,,,,,
,,,,,,,,,,,,,,,,,,,,,,,,,,
,,,,,,,,,,,,,,,,,,,,,,,,,,
,,,,,,,,,,,,,,,,,,,,,,,,,,
,,,,,,,,,,,,,,,,,,,,,,,,,,
,,,,,,,,,,,,,,,,,,,,,,,,,,
,,,,,,,,,,,,,,,,,,,,,,,,,,
,,,,,,,,,,,,,,,,,,,,,,,,,,
,,,,,,,,,,,,,,,,,,,,,,,,,,
,,,,,,,,,,,,,,,,,,,,,,,,,,
,,,,,,,,,,,,,,,,,,,,,,,,,,
,,,,,,,,,,,,,,,,,,,,,,,,,,
,,,,,,,,,,,,,,,,,,,,,,,,,,
,,,,,,,,,,,,,,,,,,,,,,,,,,
,,,,,,,,,,,,,,,,,,,,,,,,,,
,,,,,,,,,,,,,,,,,,,,,,,,,,
,,,,,,,,,,,,,,,,,,,,,,,,,,
,,,,,,,,,,,,,,,,,,,,,,,,,,
,,,,,,,,,,,,,,,,,,,,,,,,,,
,,,,,,,,,,,,,,,,,,,,,,,,,,
,,,,,,,,,,,,,,,,,,,,,,,,,,
,,,,,,,,,,,,,,,,,,,,,,,,,,
,,,,,,,,,,,,,,,,,,,,,,,,,,
,,,,,,,,,,,,,,,,,,,,,,,,,,
,,,,,,,,,,,,,,,,,,,,,,,,,,
,,,,,,,,,,,,,,,,,,,,,,,,,,
,,,,,,,,,,,,,,,,,,,,,,,,,,
,,,,,,,,,,,,,,,,,,,,,,,,,,
,,,,,,,,,,,,,,,,,,,,,,,,,,
,,,,,,,,,,,,,,,,,,,,,,,,,,
,,,,,,,,,,,,,,,,,,,,,,,,,,
,,,,,,,,,,,,,,,,,,,,,,,,,,
,,,,,,,,,,,,,,,,,,,,,,,,,,
,,,,,,,,,,,,,,,,,,,,,,,,,,
,,,,,,,,,,,,,,,,,,,,,,,,,,
,,,,,,,,,,,,,,,,,,,,,,,,,,
,,,,,,,,,,,,,,,,,,,,,,,,,,
,,,,,,,,,,,,,,,,,,,,,,,,,,
,,,,,,,,,,,,,,,,,,,,,,,,,,
,,,,,,,,,,,,,,,,,,,,,,,,,,
,,,,,,,,,,,,,,,,,,,,,,,,,,
,,,,,,,,,,,,,,,,,,,,,,,,,,
,,,,,,,,,,,,,,,,,,,,,,,,,,
,,,,,,,,,,,,,,,,,,,,,,,,,,
,,,,,,,,,,,,,,,,,,,,,,,,,,
,,,,,,,,,,,,,,,,,,,,,,,,,,
,,,,,,,,,,,,,,,,,,,,,,,,,,
,,,,,,,,,,,,,,,,,,,,,,,,,,
,,,,,,,,,,,,,,,,,,,,,,,,,,
,,,,,,,,,,,,,,,,,,,,,,,,,,
,,,,,,,,,,,,,,,,,,,,,,,,,,
,,,,,,,,,,,,,,,,,,,,,,,,,,
,,,,,,,,,,,,,,,,,,,,,,,,,,
,,,,,,,,,,,,,,,,,,,,,,,,,,
,,,,,,,,,,,,,,,,,,,,,,,,,,
,,,,,,,,,,,,,,,,,,,,,,,,,,
,,,,,,,,,,,,,,,,,,,,,,,,,,
,,,,,,,,,,,,,,,,,,,,,,,,,,
,,,,,,,,,,,,,,,,,,,,,,,,,,
,,,,,,,,,,,,,,,,,,,,,,,,,,
,,,,,,,,,,,,,,,,,,,,,,,,,,
,,,,,,,,,,,,,,,,,,,,,,,,,,
,,,,,,,,,,,,,,,,,,,,,,,,,,
,,,,,,,,,,,,,,,,,,,,,,,,,,
,,,,,,,,,,,,,,,,,,,,,,,,,,
,,,,,,,,,,,,,,,,,,,,,,,,,,
,,,,,,,,,,,,,,,,,,,,,,,,,,
,,,,,,,,,,,,,,,,,,,,,,,,,,
,,,,,,,,,,,,,,,,,,,,,,,,,,
,,,,,,,,,,,,,,,,,,,,,,,,,,
,,,,,,,,,,,,,,,,,,,,,,,,,,
,,,,,,,,,,,,,,,,,,,,,,,,,,
,,,,,,,,,,,,,,,,,,,,,,,,,,
,,,,,,,,,,,,,,,,,,,,,,,,,,
,,,,,,,,,,,,,,,,,,,,,,,,,,
,,,,,,,,,,,,,,,,,,,,,,,,,,
,,,,,,,,,,,,,,,,,,,,,,,,,,
,,,,,,,,,,,,,,,,,,,,,,,,,,
,,,,,,,,,,,,,,,,,,,,,,,,,,
,,,,,,,,,,,,,,,,,,,,,,,,,,
,,,,,,,,,,,,,,,,,,,,,,,,,,
,,,,,,,,,,,,,,,,,,,,,,,,,,
,,,,,,,,,,,,,,,,,,,,,,,,,,
,,,,,,,,,,,,,,,,,,,,,,,,,,
,,,,,,,,,,,,,,,,,,,,,,,,,,
,,,,,,,,,,,,,,,,,,,,,,,,,,
,,,,,,,,,,,,,,,,,,,,,,,,,,
,,,,,,,,,,,,,,,,,,,,,,,,,,
,,,,,,,,,,,,,,,,,,,,,,,,,,
,,,,,,,,,,,,,,,,,,,,,,,,,,
,,,,,,,,,,,,,,,,,,,,,,,,,,
,,,,,,,,,,,,,,,,,,,,,,,,,,
